x	y
2.750998534728	0.856347257355128
0.139031688439482	0.0551553886440224
1.45014635606526	0.922931243078693
2.09635811627963	0.973998300634346
0.654286518193954	0.210964669687804
0.139890125584089	0.0421379266435953
1.30932918099742	0.591170142954943
-0.738345263882528	0.263195045791167
0.509367090253274	0.19233555776527
0.140010823813856	0.0481810524602638
1.02473230411965	0.387772269711141
1.0834649515411	0.629216662159891
0.82672924006778	0.76078890256789
1.95669114496977	0.512659458057214
0.149942409522206	0.0296695603684523
0.14777015045699	0.0370196640723843
1.80753895631949	0.735539281495884
-0.253655224807827	0.132381862831199
1.95768385432882	0.509240283014783
-0.356869186364459	0.103873748641222
0.140168353562376	0.0417587511082613
-0.247444456736411	0.153748251529976
0.147298535161635	0.0299064650853773
1.31428992309049	0.596233798709692
0.163265650557	0.11087162640829
1.95669114496977	0.512659458057214
0.539052735424943	0.31390765375563
-0.11135460074992	0.0465930303574055
-0.154048231820502	0.0891806306189021
-0.53646428094626	0.21525941047143
-0.243478659825581	0.155863536949927
0.14436465891382	0.0783930864404833
0.283199215375244	0.188985086382665
