x	y	clickSelects
-0.11808205281464	2.08956725323632	3928
-0.12334735879189	2.27684266011025	272
0.0632461796376802	2.27444817760722	5740
0.0621493005192599	2.46209776566134	4147
-0.12225986017417	2.24531773670936	4898
-0.12334735879189	2.27684266011025	3575
-0.12025468212105	2.17055580265027	5032
0.0506641176057903	2.49112659322616	6208
0.0600803086543698	2.44610437033441	1522
-0.11606597436595	2.03676690220128	836
-0.12334735879189	2.27684266011025	5236
-0.12443592167824	2.2827438950824	4092
0.0631822480998299	2.42996042307015	5014
-0.12134261614645	2.16107154472233	2549
-0.12443592167824	2.2827438950824	6830
0.0631822480998299	2.42996042307015	4298
0.0600803086543698	2.44610437033441	5664
-0.11916782554623	2.15171900374496	3482
-0.12443592167824	2.2827438950824	5455
-0.12443592167824	2.2827438950824	2187
-0.12225986017417	2.24531773670936	3549
0.0600803086543698	2.44610437033441	5725
-0.12025468212105	2.17055580265027	4123
