group	fill	clickSelects
2	#FFFFFF	313
3	#FFFFFF	313
4	#FFFFFF	313
5	#FFFFFF	313
6	#FFFFFF	2924
7	#FFFFFF	313
8	#FFFFFF	313
9	#FFFFFF	313
10	#FFFFFF	313
11	#FFFFFF	313
12	#FFFFFF	313
13	#FFFFFF	313
14	#FFFFFF	1171
15	#FFFFFF	313
16	#FFFFFF	313
17	#FFFFFF	368
18	#FFFFFF	368
19	#FFFFFF	368
20	#FFFFFF	368
21	#FFFFFF	368
22	#FFFFFF	3189
23	#FFFFFF	3189
24	#FFFFFF	313
25	#FFFFFF	1171
26	#FFFFFF	313
27	#FFFFFF	313
28	#FFFFFF	72
29	#FFFFFF	72
30	#FFFFFF	72
31	#FFFFFF	72
32	#FFFFFF	72
33	#FFFFFF	72
34	#FFFFFF	72
35	#FFFFFF	72
36	#FFFFFF	313
37	#FFFFFF	72
38	#FFFFFF	72
39	#FFFFFF	196
40	#FFFFFF	196
41	#FFFFFF	196
42	#FFFFFF	196
43	#FFFFFF	196
44	#FFFFFF	196
45	#FFFFFF	196
46	#FFFFFF	313
47	#FFFFFF	313
48	#FFFFFF	313
49	#FFFFFF	313
50	#FFFFFF	313
52	#FFFFFF	313
53	#FFFFFF	313
54	#FFFFFF	313
55	#FFFFFF	313
56	#FFFFFF	313
57	#FFFFFF	2924
58	#FFFFFF	313
59	#FFFFFF	313
60	#FFFFFF	313
61	#FFFFFF	313
62	#FFFFFF	313
63	#FFFFFF	313
64	#FFFFFF	1171
65	#FFFFFF	313
66	#FFFFFF	313
67	#FFFFFF	313
68	#FFFFFF	368
69	#FFFFFF	3189
70	#FFFFFF	3189
71	#FFFFFF	3189
72	#FFFFFF	3189
73	#FFFFFF	3189
74	#FFFFFF	313
75	#FFFFFF	1171
76	#FFFFFF	72
77	#FFFFFF	313
78	#FFFFFF	72
79	#FFFFFF	72
80	#FFFFFF	72
81	#FFFFFF	72
82	#FFFFFF	72
83	#FFFFFF	196
84	#FFFFFF	72
85	#FFFFFF	72
86	#FFFFFF	1171
87	#FFFFFF	72
88	#FFFFFF	72
89	#FFFFFF	196
90	#FFFFFF	196
91	#FFFFFF	196
92	#FFFFFF	196
93	#FFFFFF	196
94	#FFFFFF	196
95	#FFFFFF	196
96	#FFFFFF	196
97	#FFFFFF	313
98	#FFFFFF	313
99	#FFFFFF	313
100	#FFFFFF	313
101	#FFFFFF	313
103	#FFFFFF	313
104	#FFFFFF	1171
105	#FFFFFF	313
106	#FFFFFF	313
107	#FFFFFF	2924
108	#FFFFFF	313
109	#FFFFFF	313
110	#FFFFFF	313
111	#FFFFFF	313
112	#FFFFFF	313
113	#FFFFFF	313
114	#FFFFFF	313
115	#FFFFFF	1171
116	#FFFFFF	313
117	#FFFFFF	313
118	#FFFFFF	313
119	#FFFFFF	368
120	#FFFFFF	3189
121	#FFFFFF	3189
122	#FFFFFF	3189
123	#FFFFFF	3189
124	#FFFFFF	313
125	#FFFFFF	313
126	#FFFFFF	1171
127	#FFFFFF	72
128	#FFFFFF	313
129	#FFFFFF	72
130	#FFFFFF	72
131	#FFFFFF	72
132	#FFFFFF	72
133	#FFFFFF	196
134	#FFFFFF	196
135	#FFFFFF	196
136	#FFFFFF	72
137	#FFFFFF	1171
138	#FFFFFF	72
139	#FFFFFF	196
140	#FFFFFF	196
141	#FFFFFF	196
142	#FFFFFF	196
143	#FFFFFF	196
144	#FFFFFF	196
145	#FFFFFF	196
146	#FFFFFF	196
147	#FFFFFF	313
148	#FFFFFF	313
149	#FFFFFF	313
150	#FFFFFF	313
151	#FFFFFF	313
153	#FFFFFF	563
154	#EE99B8	4427
155	#FFFFFF	563
156	#FFFFFF	563
157	#FFFFFF	563
158	#FFFFFF	563
159	#FFFFFF	563
160	#FFFFFF	1171
161	#FFFFFF	1171
162	#FFFFFF	313
163	#FFFFFF	1171
164	#FFFFFF	1171
165	#FFFFFF	563
166	#FFFFFF	1171
167	#FFFFFF	1171
168	#FFFFFF	1171
169	#FFFFFF	1171
170	#FFFFFF	1171
171	#FFFFFF	1171
172	#FFFFFF	313
173	#FFFFFF	313
174	#FFFFFF	313
175	#FFFFFF	1823
176	#FFFFFF	563
177	#FFFFFF	313
178	#FFFFFF	313
179	#FFFFFF	313
180	#FFFFFF	72
181	#FFFFFF	313
182	#FFFFFF	72
183	#FFFFFF	313
184	#FFFFFF	313
185	#FFFFFF	313
186	#FFFFFF	72
187	#FFFFFF	563
188	#FFFFFF	72
189	#FFFFFF	72
190	#FFFFFF	72
191	#FFFFFF	72
192	#FFFFFF	72
193	#FFFFFF	72
194	#FFFFFF	72
195	#FFFFFF	72
196	#FFFFFF	196
197	#FFFFFF	196
198	#FFFCFD	311
199	#FFFFFF	563
200	#FFFFFF	563
201	#FFFCFD	311
202	#FFFCFD	311
204	#FFFFFF	563
205	#EE99B8	4427
206	#FFFFFF	563
207	#FFFFFF	563
208	#FFFFFF	563
209	#FFFFFF	563
210	#FFFFFF	563
211	#FFFFFF	1171
212	#FFFFFF	1171
213	#FFFFFF	1171
214	#FFFFFF	1171
215	#FFFFFF	1171
216	#FFFFFF	563
217	#FFFFFF	1171
218	#FFFFFF	1171
219	#FFFFFF	1171
220	#FFFFFF	1171
221	#FFFFFF	1171
222	#FFFFFF	313
223	#FFFFFF	313
224	#FFFFFF	313
225	#FFFFFF	313
226	#FFFFFF	1823
227	#FFFFFF	563
228	#FFFFFF	313
229	#FFFFFF	313
230	#FFFFFF	313
231	#FFFFFF	72
232	#FFFFFF	72
233	#FFFFFF	72
234	#FFFFFF	313
235	#FFFFFF	313
236	#FFFFFF	313
237	#FFFFFF	72
238	#FFFFFF	563
239	#FFFFFF	72
240	#FFFFFF	72
241	#FFFFFF	72
242	#FFFFFF	72
243	#FFFFFF	72
244	#FFFFFF	72
245	#FFFFFF	72
246	#FFFFFF	72
247	#FFFFFF	196
248	#FFFCFD	311
249	#FFFFFF	563
250	#FFFCFD	311
251	#FFFCFD	311
252	#FFFFFF	563
254	#FFFFFF	563
255	#FFFFFF	563
256	#FFFFFF	563
257	#FFFFFF	563
258	#FFFFFF	563
259	#FFFFFF	563
260	#FFFFFF	563
261	#FFFFFF	1171
262	#FFFFFF	1171
263	#FFFFFF	1171
264	#FFFFFF	1171
265	#FFFFFF	1171
266	#FFFFFF	563
267	#FFFFFF	1171
268	#FFFFFF	1171
269	#FFFFFF	1171
270	#FFFFFF	1171
271	#FFFFFF	1171
272	#FFFFFF	1171
273	#FFFFFF	313
274	#FFFFFF	313
275	#FFFFFF	313
276	#FFFFFF	313
277	#FFFFFF	563
278	#FFFFFF	313
279	#FFFFFF	313
280	#FFFFFF	313
281	#FFFFFF	313
282	#FFFFFF	72
283	#FFFFFF	313
284	#FFFFFF	313
285	#FFFFFF	313
286	#FFFFFF	313
287	#FFFFFF	72
288	#FFFCFD	311
289	#FFFFFF	72
290	#FFFFFF	72
291	#FFFFFF	72
292	#FFFFFF	72
293	#FFFFFF	72
294	#FFFFFF	72
295	#FFFFFF	72
296	#FFFFFF	72
297	#FFFFFF	196
298	#FFFFFF	196
299	#FFFCFD	311
300	#FFFCFD	311
301	#FFFCFD	311
302	#FFFCFD	311
303	#FFFFFF	563
305	#FFFFFF	563
306	#FFFFFF	563
307	#FFFFFF	563
308	#FFFFFF	563
309	#FFFFFF	563
310	#FFFFFF	563
311	#FFFFFF	1171
312	#FFFFFF	1171
313	#FFFFFF	1171
314	#FFFFFF	1171
315	#FFFFFF	1171
316	#FFFFFF	1171
317	#FFFFFF	563
318	#FFFFFF	1171
319	#FFFFFF	1171
320	#FFFFFF	1171
321	#FFFFFF	313
322	#FFFFFF	313
323	#FFFFFF	313
324	#FFFFFF	313
325	#FFFFFF	313
326	#FFFFFF	313
327	#FFFFFF	313
328	#FFFFFF	563
329	#FFFFFF	313
330	#FFFFFF	313
331	#FFFFFF	313
332	#FFFFFF	313
333	#FFFFFF	72
334	#FFFFFF	313
335	#FFFFFF	313
336	#FFFFFF	313
337	#FFFFFF	313
339	#FFFCFD	311
340	#FFFFFF	72
341	#FFFFFF	4413
342	#FFFFFF	4413
343	#FFFFFF	72
344	#FFFFFF	72
345	#FFFFFF	72
346	#FFFFFF	196
347	#FFFFFF	196
348	#FFFFFF	72
349	#FFFCFD	311
350	#FFFCFD	311
351	#FFFCFD	311
352	#FFFFFF	563
353	#FFFFFF	563
355	#FFFFFF	563
356	#FFFFFF	563
357	#FFFFFF	563
358	#FFFFFF	563
359	#FFFFFF	563
360	#FFFFFF	563
361	#FFFFFF	563
362	#FFFFFF	563
363	#FFFFFF	1171
364	#FFFFFF	1171
365	#FFFFFF	1171
366	#FFFFFF	1171
367	#FFFFFF	563
368	#FFFFFF	1171
369	#FFFFFF	1171
370	#FFFFFF	1171
371	#FFFFFF	1171
372	#FFFFFF	313
373	#FFFFFF	313
374	#FFFFFF	313
375	#FFFFFF	313
376	#FFFFFF	313
377	#FFFFFF	313
378	#FFFFFF	563
379	#FFFFFF	313
380	#FFFFFF	313
381	#FFFFFF	313
382	#FFFFFF	313
383	#FFFFFF	313
384	#FFFFFF	72
385	#FFFFFF	313
386	#FFFFFF	313
387	#FFFFFF	313
388	#FFFFFF	313
389	#FFFCFD	311
390	#FFFFFF	313
391	#FFFFFF	72
392	#FFFFFF	4413
393	#FFFFFF	72
394	#FFFFFF	72
395	#FFFFFF	4413
396	#FFFFFF	72
397	#FFFFFF	196
398	#FFFFFF	72
399	#FFFFFF	196
400	#FFFCFD	311
401	#FFFCFD	311
402	#FFFFFF	563
403	#FFFCFD	311
404	#FFFFFF	563
406	#FFFFFF	563
407	#FFFFFF	563
408	#FFFFFF	563
409	#FFFFFF	563
410	#FFFFFF	563
411	#FFFFFF	563
412	#FFFFFF	563
413	#FFFFFF	1171
414	#FFFFFF	1171
415	#FFFFFF	1171
416	#FFFFFF	1171
417	#FFFFFF	1171
418	#FFFFFF	563
419	#FFFFFF	1171
420	#FFFFFF	1171
421	#FFFFFF	1171
422	#FFFFFF	313
423	#FFFFFF	313
424	#FFFFFF	313
425	#FFFFFF	4125
426	#FFFFFF	313
427	#FFFFFF	313
428	#FFFFFF	313
429	#FFFCFD	311
430	#FFFFFF	313
431	#FFFFFF	313
432	#FFFFFF	313
433	#FFFFFF	313
434	#FFFFFF	72
435	#FFFFFF	313
436	#FFFFFF	313
437	#FFFFFF	313
438	#FFFFFF	313
439	#FFFFFF	313
440	#FFFCFD	311
441	#FFFFFF	72
442	#FFFFFF	4413
443	#FFFFFF	4413
444	#FFFFFF	4413
445	#FFFFFF	72
446	#FFFFFF	4413
447	#FFFFFF	72
448	#FFFFFF	72
449	#FFFFFF	72
450	#FFFCFD	311
451	#FFFCFD	311
452	#FFFFFF	563
453	#FFFFFF	563
454	#FFFFFF	563
456	#FFFFFF	563
457	#CD1076	6523
458	#FFFFFF	563
459	#FFFFFF	563
460	#FFFFFF	563
461	#FFFFFF	563
462	#FFFFFF	563
463	#FFFFFF	1171
464	#FFFFFF	1171
465	#FFFFFF	1171
466	#FFFFFF	1171
467	#FFFFFF	1171
468	#FFFCFD	311
469	#FFFFFF	1171
470	#FFFFFF	1171
471	#FFFFFF	1171
472	#FFFFFF	563
473	#FFFFFF	313
474	#FFFFFF	313
475	#FFFFFF	313
476	#FFFFFF	313
477	#FFFFFF	313
478	#FFFFFF	313
479	#FFFCFD	311
480	#FFFFFF	313
481	#FFFFFF	313
482	#FFFFFF	313
483	#FFFFFF	72
484	#FFFFFF	72
485	#FFFFFF	313
486	#FFFFFF	313
487	#FFFFFF	313
488	#FFFFFF	2237
489	#FFFFFF	313
490	#FFFCFD	311
491	#FFFFFF	72
492	#FFFFFF	4413
493	#FFFFFF	72
494	#FFFFFF	4413
495	#FFFFFF	4413
496	#FFFFFF	4413
497	#FFFFFF	4413
498	#FFFFFF	72
499	#FFFFFF	72
500	#FFFFFF	72
501	#FFFCFD	311
502	#FFFFFF	563
503	#FFFCFD	311
504	#FFFFFF	563
505	#FFFFFF	563
507	#FFFFFF	563
508	#FFFFFF	563
509	#FFFFFF	563
510	#FFFFFF	563
511	#FFFFFF	563
512	#FFFFFF	563
513	#FFFFFF	563
514	#FFFFFF	1171
515	#FFFFFF	1171
516	#FFFFFF	1171
517	#FFFFFF	1171
518	#FFFFFF	1171
519	#FFFCFD	311
520	#FFFFFF	1171
521	#FFFFFF	1171
522	#FFFFFF	1171
523	#FFFFFF	563
524	#FFFFFF	313
525	#FFFFFF	313
526	#FFFFFF	313
527	#FFFFFF	313
528	#FFFFFF	313
529	#FFFFFF	313
530	#FFFCFD	311
531	#FFFFFF	313
532	#FFFFFF	313
533	#FFFFFF	72
534	#FFFFFF	72
535	#FFFFFF	72
536	#FFFFFF	313
537	#FFFFFF	313
538	#FFFFFF	2237
539	#FFFFFF	313
540	#FFFFFF	72
541	#FFFFFF	563
542	#FFFFFF	72
543	#FFFFFF	72
544	#FFFFFF	72
545	#FFFFFF	72
546	#FFFFFF	4413
547	#FFFFFF	4413
548	#FFFFFF	72
549	#FFFFFF	4413
550	#FFFFFF	72
551	#FFFFFF	563
552	#FFFFFF	563
553	#FFFCFD	311
554	#FFFCFD	311
555	#FFFFFF	563
557	#FFFFFF	563
558	#FFFFFF	563
559	#FFFFFF	563
560	#FFFFFF	563
561	#FFFFFF	563
562	#FFFFFF	563
563	#FFFFFF	563
564	#FFFFFF	1171
565	#FFFFFF	1171
566	#FFFFFF	1171
567	#FFFFFF	1171
568	#FFFFFF	1171
569	#FFFCFD	311
570	#FFFFFF	1171
571	#FFFFFF	1171
572	#FFFFFF	1171
573	#FFFFFF	563
574	#FFFFFF	563
575	#FFFFFF	563
576	#FFFFFF	313
577	#FFFFFF	313
578	#FFFFFF	313
579	#FFFFFF	313
580	#FFFCFD	311
581	#FFFFFF	313
582	#FFFFFF	313
583	#FFFFFF	313
584	#FFFFFF	313
585	#FFFFFF	72
586	#FFFFFF	313
587	#FFFFFF	313
588	#FFFFFF	2237
589	#FFFFFF	2237
590	#FFFFFF	313
591	#FFFFFF	563
592	#FFFFFF	72
593	#FFFFFF	72
594	#FFFFFF	72
595	#FFFFFF	72
596	#FFFFFF	4413
597	#FFFFFF	4413
598	#FFFFFF	72
599	#FFFFFF	4413
600	#FFFFFF	72
601	#FFFFFF	5299
602	#FFFFFF	563
603	#FFFFFF	563
604	#FFFFFF	563
605	#FFFCFD	311
606	#FFFCFD	311
608	#FFFFFF	563
609	#FFFCFD	311
610	#FFFCFD	311
611	#FFFFFF	563
612	#FFFFFF	563
613	#FFFFFF	563
614	#FFFFFF	563
615	#FFFFFF	1171
616	#FFFFFF	1171
617	#FFFFFF	1171
618	#FFFFFF	1171
619	#FFFFFF	1171
620	#FFFCFD	311
621	#FFFFFF	1171
622	#FFFFFF	1171
623	#FFFFFF	1171
624	#FFFFFF	563
625	#FFFFFF	563
626	#FFFFFF	563
627	#FFFFFF	563
628	#FFFFFF	313
629	#FFFFFF	313
630	#FFFFFF	313
631	#FFFCFD	311
632	#FFFFFF	313
633	#FFFFFF	313
634	#FFFFFF	313
635	#FFFFFF	72
636	#FFFFFF	313
637	#FFFFFF	313
638	#FFFFFF	313
639	#FFFFFF	313
640	#FFFFFF	313
641	#FFFFFF	313
642	#FFFFFF	563
643	#FFFFFF	72
644	#FFFFFF	72
645	#FFFFFF	72
646	#FFFFFF	72
647	#FFFFFF	4413
648	#FFFFFF	4413
649	#FFFFFF	4413
650	#FFFFFF	4413
651	#FFFFFF	72
652	#FFFFFF	563
653	#FFFFFF	563
654	#FFFCFD	311
655	#FFFCFD	311
656	#FFFCFD	311
658	#FFFFFF	563
659	#FFFCFD	311
660	#FFFCFD	311
661	#FFFCFD	311
662	#FFFFFF	563
663	#FFFFFF	563
664	#FFFFFF	1171
665	#FFFFFF	1171
666	#FFFFFF	1171
667	#FFFFFF	1171
668	#FFFFFF	1171
669	#FFFFFF	1171
670	#FFFCFD	311
671	#FFFFFF	1171
672	#FFFFFF	1171
673	#FFFFFF	1171
674	#FFFFFF	563
675	#FFFFFF	563
676	#FFFFFF	563
677	#FFFFFF	563
678	#FFFFFF	563
679	#FFFFFF	313
680	#FFFFFF	313
681	#FFFCFD	311
682	#FFFFFF	313
683	#FFFFFF	313
684	#FFFFFF	313
685	#FFFFFF	72
686	#FFFFFF	72
687	#FFFFFF	313
688	#FFFFFF	313
689	#FFFFFF	313
690	#FFFFFF	313
691	#FFFFFF	313
692	#FFFCFD	311
693	#FFFFFF	313
694	#FFFFFF	72
695	#FFFFFF	72
696	#FFFFFF	3534
697	#FFFFFF	4413
698	#FFFFFF	72
699	#FFFFFF	4413
700	#FFFFFF	4413
701	#FFFFFF	72
702	#FFFFFF	72
703	#FFFFFF	563
704	#FFFFFF	563
705	#FFFCFD	311
706	#FFFCFD	311
707	#FFFCFD	311
709	#FFFFFF	563
710	#FFFCFD	311
711	#FFFFFF	563
712	#FFFFFF	563
713	#FFFFFF	563
714	#FFFFFF	563
715	#FFFFFF	1171
716	#FFFFFF	1171
717	#FFFFFF	1171
718	#FFFFFF	1171
719	#FFFFFF	1171
720	#FFFFFF	1171
721	#FFFCFD	311
722	#FFFFFF	1171
723	#FFFFFF	1171
724	#FFFFFF	1171
725	#FFFFFF	563
726	#FFFFFF	563
727	#FFFFFF	563
728	#FFFFFF	563
729	#FFFFFF	563
730	#FFFFFF	313
731	#FFFFFF	313
732	#FFFCFD	311
733	#FFFFFF	313
734	#FFFFFF	313
735	#FFFFFF	72
736	#FFFFFF	313
737	#FFFFFF	313
738	#FFFFFF	313
739	#FFFFFF	313
740	#FFFFFF	313
741	#FFFFFF	313
742	#FFFFFF	72
743	#FFFCFD	311
744	#FFFFFF	72
745	#FFFFFF	72
746	#FFFFFF	72
747	#FFFFFF	72
748	#FFFFFF	72
749	#FFFFFF	4413
750	#FFFFFF	4413
751	#FFFFFF	72
752	#FFFFFF	72
753	#FFFFFF	563
754	#FFFFFF	563
755	#FFFFFF	563
756	#FFFCFD	311
757	#FFFFFF	563
759	#FFFFFF	563
760	#FFFFFF	563
761	#FFFFFF	563
762	#FFFFFF	563
763	#FFFFFF	563
764	#FFFFFF	563
765	#FFFFFF	563
766	#FFFFFF	1171
767	#FFFFFF	1171
768	#FFFFFF	1171
769	#FFFFFF	1171
770	#FFFFFF	1171
771	#FFFCFD	311
772	#FFFFFF	1171
773	#FFFFFF	563
774	#FFFFFF	1171
775	#FFFFFF	563
776	#FFFFFF	563
777	#FFFFFF	563
778	#FFFFFF	563
779	#FFFFFF	563
780	#FFFFFF	313
781	#FFFFFF	313
782	#FFFCFD	311
783	#FFFFFF	313
784	#FFFFFF	72
785	#FFFFFF	313
786	#FFFFFF	72
787	#FFFFFF	313
788	#FFFFFF	313
789	#FFFFFF	313
790	#FFFFFF	313
791	#FFFFFF	313
792	#FFFFFF	313
793	#FFFCFD	311
794	#FFFFFF	72
795	#FFFFFF	72
796	#FFFFFF	72
797	#FFFFFF	72
798	#FFFFFF	72
799	#FFFFFF	72
800	#FFFFFF	4413
801	#FFFFFF	72
802	#FFFFFF	72
803	#FFFFFF	72
804	#FFFFFF	563
805	#FFFFFF	563
806	#FFFFFF	563
807	#FFFFFF	563
808	#FFFFFF	563
810	#FFFFFF	563
811	#FFFFFF	563
812	#FFFFFF	563
813	#FFFFFF	563
814	#FFFFFF	563
815	#FFFFFF	563
816	#FFFFFF	1171
817	#FFFFFF	1171
818	#FFFFFF	1171
819	#FFFFFF	1171
820	#FFFFFF	1171
821	#FFFFFF	1171
822	#FFFCFD	311
823	#FFFFFF	563
824	#FFFFFF	563
825	#FFFFFF	563
826	#FFFFFF	563
827	#FFFFFF	563
828	#FFFFFF	563
829	#FFFFFF	563
830	#FFFFFF	313
831	#FFFFFF	313
832	#FFFFFF	313
833	#FFFCFD	311
834	#FFFFFF	72
835	#FFFFFF	72
836	#FFFFFF	313
837	#FFFFFF	72
838	#FFFFFF	313
839	#FFFFFF	313
840	#FFFFFF	313
841	#FFFFFF	313
842	#FFFFFF	313
843	#FFFFFF	72
844	#FFFFFF	563
845	#FFFFFF	72
846	#FFFFFF	72
847	#FFFFFF	72
848	#FFFFFF	72
849	#FFFFFF	72
850	#FFFFFF	4413
851	#FFFFFF	4413
852	#FFFFFF	72
853	#FFFFFF	72
854	#FFFFFF	563
855	#FFFFFF	563
856	#FFFFFF	563
857	#FFFFFF	563
858	#FFFFFF	563
860	#FFFFFF	563
861	#FFFFFF	563
862	#FFFFFF	563
863	#FFFFFF	563
864	#FFFFFF	563
865	#FFFFFF	563
866	#FFFFFF	563
867	#FFFFFF	563
868	#FFFFFF	1171
869	#FFFFFF	1171
870	#FFFFFF	563
871	#FFFFFF	563
872	#FFFFFF	1086
873	#FFFFFF	563
874	#FFFFFF	563
875	#FFFFFF	563
876	#FFFFFF	563
877	#FFFFFF	563
878	#FFFFFF	563
879	#FFFFFF	563
880	#FFFFFF	313
881	#FFFFFF	313
882	#FFFFFF	313
883	#FFFCFD	311
884	#FFFFFF	313
885	#FFFFFF	72
886	#FFFFFF	72
887	#FFFFFF	72
888	#FFFFFF	313
889	#FFFFFF	72
890	#FFFFFF	313
891	#FFFFFF	72
892	#FFFFFF	313
893	#FFFFFF	313
894	#FFFCFD	311
895	#FFFFFF	72
896	#FFFFFF	72
897	#FFFFFF	72
898	#FFFFFF	72
899	#FFFFFF	72
900	#FFFFFF	4413
901	#FFFFFF	4413
902	#FFFFFF	72
903	#FFFFFF	72
904	#FFFFFF	72
905	#FFFFFF	563
906	#FFFFFF	563
907	#FFFFFF	563
908	#FFFFFF	563
909	#FFFFFF	563
911	#FFFFFF	563
912	#FFFFFF	563
913	#FFFFFF	563
914	#FFFFFF	563
915	#FFFFFF	563
916	#FFFFFF	563
917	#FFFFFF	563
918	#FFFFFF	1171
919	#FFFFFF	563
920	#FFFFFF	563
921	#FFFFFF	563
922	#FFFFFF	563
923	#FFFFFF	1086
924	#FFFFFF	563
925	#FFFFFF	563
926	#FFFFFF	563
927	#FFFFFF	563
928	#FFFFFF	563
929	#FFFFFF	563
930	#FFFFFF	313
931	#FFFFFF	563
932	#FFFFFF	313
933	#FFFFFF	313
934	#FFFCFD	311
935	#FFFFFF	313
936	#FFFFFF	72
937	#FFFFFF	72
938	#FFFFFF	72
939	#FFFFFF	72
940	#FFFFFF	72
941	#FFFFFF	72
942	#FFFFFF	313
943	#FFFFFF	313
944	#FFFFFF	72
945	#FFFFFF	563
946	#FFFFFF	72
947	#FFFFFF	72
948	#FFFFFF	72
949	#FFFFFF	72
950	#FFFFFF	72
951	#FFFFFF	4413
952	#FFFFFF	72
953	#FFFFFF	72
954	#FFFFFF	72
955	#FFFFFF	563
956	#FFFFFF	563
957	#FFFFFF	563
958	#FFFFFF	563
959	#FFFFFF	563
961	#FFFFFF	563
962	#FFFFFF	563
963	#FFFFFF	563
964	#FFFFFF	563
965	#FFFFFF	563
966	#FFFFFF	563
967	#FFFFFF	563
968	#FFFFFF	563
969	#FFFFFF	563
970	#FFFFFF	563
971	#FFFFFF	563
972	#FFFFFF	563
973	#FFFFFF	563
974	#FFFFFF	563
975	#FFFFFF	563
976	#FFFFFF	563
977	#FFFFFF	563
978	#FFFFFF	563
979	#FFFFFF	563
980	#FFFFFF	563
981	#FFFFFF	563
982	#FFFFFF	313
983	#FFFFFF	313
984	#FFFFFF	1086
985	#FFFFFF	313
986	#FFFFFF	72
987	#FFFFFF	313
988	#FFFFFF	72
989	#FFFFFF	72
990	#FFFFFF	72
991	#FFFFFF	72
992	#FFFFFF	72
993	#FFFFFF	313
994	#FFFFFF	72
995	#FFFFFF	563
996	#FFFFFF	72
997	#FFFFFF	72
998	#FFFFFF	72
999	#FFFFFF	72
1000	#FFFFFF	72
1001	#FFFFFF	72
1002	#FFFFFF	4413
1003	#FFFFFF	72
1004	#FFFFFF	72
1005	#FFFFFF	72
1006	#FFFFFF	563
1007	#FFFFFF	563
1008	#FFFFFF	563
1009	#FFFFFF	563
1010	#FFFFFF	563
1012	#FFFFFF	563
1013	#FFFFFF	563
1014	#FFFFFF	563
1015	#FFFFFF	563
1016	#FFFFFF	563
1017	#FFFFFF	563
1018	#FFFFFF	563
1019	#FFFFFF	563
1020	#FFFFFF	563
1021	#FFFFFF	563
1022	#FFFFFF	563
1023	#FFFFFF	563
1024	#FFFFFF	1086
1025	#FFFFFF	563
1026	#FFFFFF	563
1027	#FFFFFF	563
1028	#FFFFFF	563
1029	#FFFFFF	563
1030	#FFFFFF	563
1031	#FFFFFF	563
1032	#FFFFFF	563
1033	#FFFFFF	313
1034	#FFFFFF	313
1035	#FFFFFF	1086
1036	#FFFFFF	313
1037	#FFFFFF	313
1038	#FFFFFF	313
1039	#FFFFFF	313
1040	#FFFFFF	313
1041	#FFFFFF	313
1042	#FFFFFF	72
1043	#FFFFFF	313
1044	#FFFFFF	313
1045	#FFFFFF	72
1046	#FFFFFF	563
1047	#FFFFFF	72
1048	#FFFFFF	72
1049	#FFFFFF	72
1050	#FFFFFF	4413
1051	#FFFFFF	4413
1052	#FFFFFF	4413
1053	#FFFFFF	72
1054	#FFFFFF	72
1055	#FFFFFF	72
1056	#FFFFFF	563
1057	#FFFFFF	563
1058	#FFFFFF	563
1059	#FFFFFF	563
1060	#FFFFFF	563
1062	#FFFFFF	563
1063	#FFFFFF	563
1064	#FFFFFF	563
1065	#FFFFFF	563
1066	#FFFFFF	563
1067	#FFFFFF	563
1068	#FFFFFF	563
1069	#FFFFFF	563
1070	#FFFFFF	563
1071	#FFFFFF	563
1072	#FFFFFF	563
1073	#FFFFFF	563
1074	#FFFFFF	563
1075	#FFFFFF	563
1076	#FFFFFF	563
1077	#FFFFFF	563
1078	#FFFFFF	563
1079	#FFFFFF	563
1080	#FFFFFF	563
1081	#FFFFFF	563
1082	#FFFFFF	563
1083	#FFFFFF	563
1084	#FFFFFF	313
1085	#FFFFFF	1086
1086	#FFFFFF	313
1087	#FFFFFF	313
1088	#FFFFFF	313
1089	#FFFFFF	313
1090	#FFFFFF	313
1091	#FFFFFF	313
1092	#FFFFFF	313
1093	#FFFFFF	72
1094	#FFFFFF	313
1095	#FFFFFF	72
1096	#FFFFFF	1086
1097	#FFFFFF	72
1098	#FFFFFF	72
1099	#FFFFFF	72
1100	#FFFFFF	72
1101	#FFFFFF	4413
1102	#FFFFFF	4413
1103	#FFFFFF	4413
1104	#FFFFFF	72
1105	#FFFFFF	72
1106	#FFFFFF	72
1107	#FFFFFF	563
1108	#FFFFFF	563
1109	#FFFFFF	563
1110	#FFFFFF	563
1111	#FFFFFF	563
1113	#FFFFFF	563
1114	#FFFFFF	563
1115	#FFFFFF	563
1116	#FFFFFF	563
1117	#FFFFFF	563
1118	#FFFFFF	563
1119	#FFFFFF	563
1120	#FFFFFF	563
1121	#FFFFFF	563
1122	#FFFFFF	563
1123	#FFFFFF	563
1124	#FFFFFF	563
1125	#FFFFFF	563
1126	#FFFFFF	563
1127	#FFFFFF	563
1128	#FFFFFF	563
1129	#FFFFFF	563
1130	#FFFFFF	563
1131	#FFFFFF	563
1132	#FFFFFF	563
1133	#FFFFFF	563
1134	#FFFFFF	2651
1135	#FFFFFF	313
1136	#FFFFFF	1086
1137	#FFFFFF	313
1138	#FFFFFF	6394
1139	#FFFFFF	313
1140	#FFFFFF	313
1141	#FFFFFF	313
1142	#FFFFFF	313
1143	#FFFFFF	313
1144	#FFFFFF	72
1145	#FFFFFF	313
1146	#FFFFFF	72
1147	#FFFFFF	1086
1148	#FFFFFF	72
1149	#FFFFFF	72
1150	#FFFFFF	72
1151	#FFFFFF	4413
1152	#FFFFFF	4413
1153	#FFFFFF	4413
1154	#FFFFFF	72
1155	#FFFFFF	72
1156	#FFFFFF	72
1157	#FFFFFF	563
1158	#FFFFFF	563
1159	#FFFFFF	563
1160	#FFFFFF	563
1161	#FFFFFF	563
1163	#FFFFFF	313
1164	#FFFFFF	313
1165	#FFFFFF	313
1166	#FFFFFF	313
1167	#FFFFFF	313
1168	#FFFFFF	313
1169	#FFFFFF	313
1170	#FFFFFF	313
1171	#FFFFFF	313
1172	#FFFFFF	313
1173	#FFFFFF	313
1174	#FFFFFF	313
1175	#FFFFFF	1171
1176	#FFFFFF	313
1177	#FFFFFF	313
1178	#FFFFFF	313
1179	#FFFFFF	313
1180	#FFFFFF	3189
1181	#FFFFFF	3189
1182	#FFFFFF	3189
1183	#FFFFFF	313
1184	#FFFFFF	313
1185	#FFFFFF	313
1186	#FFFFFF	1171
1187	#FFFFFF	72
1188	#FFFFFF	72
1189	#FFFFFF	72
1190	#FFFFFF	72
1191	#FFFFFF	72
1192	#FFFFFF	72
1193	#FFFFFF	72
1194	#FFFFFF	72
1195	#FFFFFF	196
1196	#FFFFFF	72
1197	#FFFFFF	1171
1198	#FFFFFF	72
1199	#FFFFFF	196
1200	#FFFFFF	196
1201	#FFFFFF	196
1202	#FFFFFF	196
1203	#FFFFFF	196
1204	#FFFFFF	196
1205	#FFFFFF	196
1206	#FFFFFF	196
1207	#FFFFFF	196
1208	#FFFFFF	1171
1209	#FFFFFF	313
1210	#FFFFFF	313
1211	#FFFFFF	313
1212	#FFFFFF	313
1214	#FFFFFF	313
1215	#FFFFFF	1171
1216	#FFFFFF	313
1217	#FFFFFF	313
1218	#FFFFFF	313
1219	#FFFFFF	313
1220	#FFFFFF	313
1221	#FFFFFF	313
1222	#FFFFFF	313
1223	#FFFFFF	313
1224	#FFFFFF	313
1225	#FFFFFF	313
1226	#FFFFFF	1171
1227	#FFFFFF	313
1228	#FFFFFF	313
1229	#FFFFFF	313
1230	#FFFFFF	313
1231	#FFFFFF	313
1232	#FFFFFF	313
1233	#FFFFFF	313
1234	#FFFFFF	313
1235	#FFFFFF	313
1236	#FFFFFF	313
1237	#FFFFFF	1171
1238	#FFFFFF	313
1239	#FFFFFF	72
1240	#FFFFFF	313
1241	#FFFFFF	72
1242	#FFFFFF	72
1243	#FFFFFF	72
1244	#FFFFFF	72
1245	#FFFFFF	72
1246	#FFFFFF	196
1247	#FFFFFF	196
1248	#FFFFFF	1171
1249	#FFFFFF	196
1250	#FFFFFF	196
1251	#FFFFFF	196
1252	#FFFFFF	196
1253	#FFFFFF	196
1254	#FFFFFF	196
1255	#FFFFFF	196
1256	#FFFFFF	196
1257	#FFFFFF	196
1258	#EE99B8	6505
1259	#FFFFFF	313
1260	#FFFFFF	313
1261	#FFFFFF	313
1262	#FFFFFF	313
1264	#FFFFFF	563
1265	#FFFFFF	563
1266	#FFFFFF	563
1267	#FFFFFF	563
1268	#FFFFFF	563
1269	#FFFFFF	563
1270	#FFFFFF	563
1271	#FFFFFF	563
1272	#FFFFFF	563
1273	#FFFFFF	563
1274	#FFFFFF	563
1275	#FFFFFF	563
1276	#FFFFFF	563
1277	#FFFFFF	563
1278	#FFFFFF	563
1279	#FFFFFF	563
1280	#FFFFFF	563
1281	#FFFFFF	563
1282	#FFFFFF	563
1283	#FFFFFF	2651
1284	#FFFFFF	2651
1285	#FFFFFF	2651
1286	#FFFFFF	2651
1287	#FFFFFF	563
1288	#FFFFFF	313
1289	#FFFFFF	313
1290	#FFFFFF	6394
1291	#FFFFFF	313
1292	#FFFFFF	313
1293	#FFFFFF	313
1294	#FFFFFF	313
1295	#FFFFFF	313
1296	#FFFFFF	313
1297	#FFFFFF	72
1298	#FFFFFF	1086
1299	#FFFFFF	72
1300	#FFFFFF	72
1301	#FFFFFF	995
1302	#FFFFFF	995
1303	#FFFFFF	4413
1304	#FFFFFF	4413
1305	#FFFFFF	72
1306	#FFFFFF	72
1307	#FFFFFF	72
1308	#FFFFFF	72
1309	#FFFFFF	1086
1310	#FFFFFF	563
1311	#FFFFFF	563
1312	#FFFFFF	563
1313	#FFFFFF	563
1315	#FFFFFF	563
1316	#FFFFFF	563
1317	#FFFFFF	563
1318	#FFFFFF	563
1319	#FFFFFF	563
1320	#FFFFFF	563
1321	#FFFFFF	563
1322	#FFFFFF	563
1323	#FFFFFF	563
1324	#FFFFFF	563
1325	#FFFFFF	563
1326	#FFFFFF	563
1327	#FFFFFF	563
1328	#FFFFFF	563
1329	#FFFFFF	563
1330	#FFFFFF	563
1331	#FFFFFF	563
1332	#FFFFFF	563
1333	#FFFFFF	563
1334	#FFFFFF	2651
1335	#FFFFFF	2651
1336	#FFFFFF	313
1337	#FFFFFF	313
1338	#FFFFFF	563
1339	#FFFFFF	6394
1340	#FFFFFF	6394
1341	#FFFFFF	6394
1342	#FFFFFF	313
1343	#FFFFFF	1664
1344	#FFFFFF	313
1345	#FFFFFF	313
1346	#FFFFFF	313
1347	#FFFFFF	313
1348	#FFFFFF	72
1349	#FFFFFF	1086
1350	#FFFFFF	72
1351	#FFFFFF	72
1352	#FFFFFF	995
1353	#FFFFFF	72
1354	#FFFFFF	4413
1355	#FFFFFF	4413
1356	#FFFFFF	72
1357	#FFFFFF	72
1358	#FFFFFF	72
1359	#FFFFFF	1086
1360	#FFFFFF	563
1361	#FFFFFF	563
1362	#FFFFFF	563
1363	#FFFFFF	563
1365	#FFFFFF	563
1366	#FFFFFF	563
1367	#FFFFFF	563
1368	#FFFFFF	563
1369	#FFFFFF	563
1370	#FFFFFF	563
1371	#FFFFFF	563
1372	#FFFFFF	563
1373	#FFFFFF	563
1374	#FFFFFF	563
1375	#FFFFFF	563
1376	#FFFFFF	563
1377	#FFFFFF	563
1378	#FFFFFF	563
1379	#FFFFFF	563
1380	#FFFFFF	563
1381	#FFFFFF	563
1382	#FFFFFF	563
1383	#FFFFFF	563
1384	#FFFFFF	2651
1385	#FFFFFF	2651
1386	#FFFFFF	2651
1387	#FFFFFF	313
1388	#FFFFFF	563
1389	#FFFFFF	313
1390	#FFFFFF	6394
1391	#FFFFFF	6394
1392	#FFFFFF	313
1393	#FFFFFF	1664
1394	#FFFFFF	313
1395	#FFFFFF	313
1396	#FFFFFF	313
1397	#FFFFFF	313
1398	#FFFFFF	72
1399	#FFFFFF	563
1400	#FFFFFF	72
1401	#FFFFFF	995
1402	#FFFFFF	995
1403	#FFFFFF	995
1404	#FFFFFF	72
1405	#FFFFFF	4413
1406	#FFFFFF	72
1407	#FFFFFF	72
1408	#FFFFFF	72
1409	#FFFFFF	72
1410	#FFFFFF	1086
1411	#FFFFFF	1086
1412	#FFFFFF	563
1413	#FFFFFF	563
1414	#FFFFFF	563
1416	#FFFFFF	563
1417	#FFFFFF	563
1418	#FFFFFF	563
1419	#FFFFFF	563
1420	#FFFFFF	563
1421	#FFFFFF	563
1422	#FFFFFF	563
1423	#FFFFFF	1222
1424	#FFFFFF	1222
1425	#FFFFFF	1222
1426	#FFFFFF	563
1427	#FFFFFF	563
1428	#FFFFFF	563
1429	#FFFFFF	563
1430	#FFFFFF	563
1431	#FFFFFF	563
1432	#FFFFFF	563
1433	#FFFFFF	2651
1434	#FFFFFF	2651
1435	#FFFFFF	2651
1436	#FFFFFF	2651
1437	#FFFFFF	2651
1438	#FFFFFF	2651
1439	#FFFFFF	563
1440	#FFFFFF	313
1441	#FFFFFF	313
1442	#FFFFFF	313
1443	#FFFFFF	1664
1444	#FFFFFF	313
1445	#FFFFFF	313
1446	#FFFFFF	313
1447	#FFFFFF	313
1448	#FFFFFF	72
1449	#FFFFFF	995
1450	#FFFFFF	1086
1451	#FFFFFF	995
1452	#FFFFFF	995
1453	#FFFFFF	72
1454	#FFFFFF	72
1455	#FFFFFF	72
1456	#FFFFFF	72
1457	#FFFFFF	72
1458	#FFFFFF	72
1459	#FFFFFF	72
1460	#FFFFFF	1086
1461	#FFFFFF	1086
1462	#FFFFFF	563
1463	#FFFFFF	563
1464	#FFFFFF	563
1466	#FFFFFF	563
1467	#FFFFFF	563
1468	#FFFFFF	563
1469	#FFFFFF	563
1470	#FFFFFF	563
1471	#FFFFFF	563
1472	#FFFFFF	563
1473	#FFFFFF	1222
1474	#FFFFFF	1222
1475	#FFFFFF	1222
1476	#FFFFFF	1222
1477	#FFFFFF	1222
1478	#FFFFFF	563
1479	#FFFFFF	563
1480	#FFFFFF	563
1481	#FFFFFF	563
1482	#FFFFFF	2651
1483	#FFFFFF	2651
1484	#FFFFFF	2651
1485	#FFFFFF	2651
1486	#FFFFFF	2651
1487	#FFFFFF	2651
1488	#FFFFFF	2651
1489	#FFFFFF	563
1490	#FFFFFF	2651
1491	#FFFFFF	313
1492	#FFFFFF	313
1493	#FFFFFF	1664
1494	#FFFFFF	1664
1495	#FFFFFF	1664
1496	#FFFFFF	1664
1497	#FFFFFF	313
1498	#FFFFFF	313
1499	#FFFFFF	72
1500	#FFFFFF	563
1501	#FFFFFF	995
1502	#FFFFFF	995
1503	#FFFFFF	995
1504	#FFFFFF	72
1505	#FFFFFF	72
1506	#FFFFFF	72
1507	#FFFFFF	555
1508	#FFFFFF	72
1509	#FFFFFF	72
1510	#FFFFFF	72
1511	#FFFFFF	1086
1512	#FFFFFF	1086
1513	#FFFFFF	1086
1514	#FFFFFF	1086
1515	#FFFFFF	1086
1517	#FFFFFF	563
1518	#FFFFFF	563
1519	#FFFFFF	563
1520	#FFFFFF	563
1521	#FFFFFF	563
1522	#FFFFFF	563
1523	#FFFFFF	563
1524	#FFFFFF	563
1525	#FFFFFF	563
1526	#FFFFFF	1222
1527	#FFFFFF	1222
1528	#FFFFFF	1222
1529	#FFFFFF	563
1530	#FFFFFF	563
1531	#FFFFFF	563
1532	#FFFFFF	2651
1533	#FFFFFF	2651
1534	#FFFFFF	2651
1535	#FFFFFF	2651
1536	#FFFFFF	2651
1537	#FFFFFF	2651
1538	#FFFFFF	2651
1539	#FFFFFF	2651
1540	#FFFFFF	563
1541	#FFFFFF	313
1542	#FFFFFF	2651
1543	#FFFFFF	313
1544	#FFFFFF	1664
1545	#FFFFFF	1664
1546	#FFFFFF	1664
1547	#FFFFFF	1664
1548	#FFFFFF	1664
1549	#FFFFFF	313
1550	#FFFFFF	72
1551	#FFFFFF	563
1552	#FFFFFF	995
1553	#FFFFFF	72
1554	#FFFFFF	72
1555	#FFFFFF	72
1556	#FFFFFF	72
1557	#FFFFFF	72
1558	#FFFFFF	555
1559	#FFFFFF	555
1560	#FFFFFF	555
1561	#FFFFFF	1086
1562	#FFFFFF	1086
1563	#FFFFFF	1086
1564	#FFFFFF	1086
1565	#FFFFFF	563
1567	#FFFFFF	563
1568	#FFFFFF	563
1569	#FFFFFF	563
1570	#FFFFFF	563
1571	#FFFFFF	563
1572	#FFFFFF	563
1573	#FFFFFF	1222
1574	#FFFFFF	563
1575	#FFFFFF	563
1576	#FFFFFF	563
1577	#FFFFFF	563
1578	#FFFFFF	1222
1579	#FFFFFF	563
1580	#FFFFFF	1222
1581	#FFFFFF	563
1582	#FFFFFF	2651
1583	#FFFFFF	2651
1584	#FFFFFF	2651
1585	#FFFFFF	2651
1586	#FFFFFF	2651
1587	#FFFFFF	2651
1588	#FFFFFF	2651
1589	#FFFFFF	2651
1590	#FFFFFF	563
1591	#FFFFFF	2651
1592	#FFFFFF	2651
1593	#FFFFFF	2651
1594	#FFFFFF	313
1595	#FFFFFF	1664
1596	#FFFFFF	1664
1597	#FFFFFF	313
1598	#FFFFFF	1664
1599	#FFFFFF	313
1600	#FFFFFF	72
1601	#FFFFFF	563
1602	#FFFFFF	995
1603	#FFFFFF	995
1604	#FFFFFF	72
1605	#FFFFFF	72
1606	#FFFFFF	72
1607	#FFFFFF	72
1608	#FFFFFF	555
1609	#FFFFFF	555
1610	#FFFFFF	555
1611	#FFFFFF	555
1612	#FFFFFF	1086
1613	#FFFFFF	1086
1614	#FFFFFF	1086
1615	#FFFFFF	1086
1616	#FFFFFF	563
1618	#FFFFFF	563
1619	#FFFFFF	563
1620	#FFFFFF	563
1621	#FFFFFF	1222
1622	#FFFFFF	563
1623	#FFFFFF	1222
1624	#FFFFFF	1222
1625	#FFFFFF	1222
1626	#FFFFFF	563
1627	#FFFFFF	563
1628	#FFFFFF	1222
1629	#FFFFFF	1222
1630	#FFFFFF	563
1631	#FFFFFF	1222
1632	#FFFFFF	563
1633	#FFFFFF	2651
1634	#FFFFFF	2651
1635	#FFFFFF	2651
1636	#FFFFFF	2651
1637	#FFFFFF	2651
1638	#FFFFFF	2651
1639	#FFFFFF	2651
1640	#FFFFFF	2651
1641	#FFFFFF	563
1642	#FFFFFF	2651
1643	#FFFFFF	2651
1644	#FFFFFF	313
1645	#FFFFFF	1664
1646	#FFFFFF	1664
1647	#FFFFFF	313
1648	#FFFFFF	313
1649	#FFFFFF	1664
1650	#FFFFFF	313
1651	#FFFFFF	995
1652	#FFFFFF	1086
1653	#FFFFFF	313
1654	#FFFFFF	72
1655	#FFFFFF	313
1656	#FFFFFF	72
1657	#FFFFFF	72
1658	#FFFFFF	555
1659	#FFFFFF	555
1660	#FFFFFF	555
1661	#FFFFFF	555
1662	#FFFFFF	1086
1663	#FFFFFF	1086
1664	#FFFFFF	1086
1665	#FFFFFF	1086
1666	#FFFFFF	563
1668	#FFFFFF	563
1669	#FFFFFF	563
1670	#FFFFFF	563
1671	#FFFFFF	563
1672	#FFFFFF	1222
1673	#FFFFFF	1222
1674	#FFFFFF	1222
1675	#FFFFFF	1222
1676	#FFFFFF	563
1677	#FFFFFF	1222
1678	#FFFFFF	1222
1679	#FFFFFF	1222
1680	#FFFFFF	563
1681	#FFFFFF	1222
1682	#FFFFFF	2651
1683	#FFFFFF	2651
1684	#FFFFFF	2651
1685	#FFFFFF	2651
1686	#FFFFFF	2651
1687	#FFFFFF	2651
1688	#FFFFFF	2651
1689	#FFFFFF	2651
1690	#FFFFFF	2651
1691	#FFFFFF	563
1692	#FFFFFF	2651
1693	#FFFFFF	2651
1694	#FFFFFF	313
1695	#FFFFFF	313
1696	#FFFFFF	1664
1697	#FFFFFF	1664
1698	#FFFFFF	1664
1699	#FFFFFF	313
1700	#FFFFFF	1664
1701	#FFFFFF	995
1702	#FFFFFF	563
1703	#FFFFFF	313
1704	#FFFFFF	313
1705	#FFFFFF	72
1706	#FFFFFF	313
1707	#FFFFFF	72
1708	#FFFFFF	555
1709	#FFFFFF	555
1710	#FFFFFF	555
1711	#FFFFFF	555
1712	#FFFFFF	555
1713	#FFFFFF	1086
1714	#FFFFFF	1086
1715	#FFFFFF	1086
1716	#FFFFFF	1086
1717	#FFFFFF	1086
1719	#FFFFFF	563
1720	#FFFFFF	563
1721	#FFFFFF	563
1722	#FFFFFF	563
1723	#FFFFFF	1222
1724	#FFFFFF	1222
1725	#FFFFFF	1222
1726	#FFFFFF	1222
1727	#FFFFFF	1222
1728	#FFFFFF	1222
1729	#FFFFFF	1222
1730	#FFFFFF	2651
1731	#FFFFFF	563
1732	#FFFFFF	2651
1733	#FFFFFF	2651
1734	#FFFFFF	2651
1735	#FFFFFF	1151
1736	#FFFFFF	1151
1737	#FFFFFF	2651
1738	#FFFFFF	2651
1739	#FFFFFF	2651
1740	#FFFFFF	2651
1741	#FFFFFF	2651
1742	#FFFFFF	563
1743	#FFFFFF	2651
1744	#FFFFFF	313
1745	#FFFFFF	313
1746	#FFFFFF	1664
1747	#FFFFFF	1664
1748	#FFFFFF	1664
1749	#FFFFFF	313
1750	#FFFFFF	1664
1751	#FFFFFF	1664
1752	#FFFFFF	313
1753	#FFFFFF	1086
1754	#FFFFFF	313
1755	#FFFFFF	313
1756	#FFFFFF	313
1757	#FFFFFF	313
1758	#FFFFFF	72
1759	#FFFFFF	72
1760	#FFFFFF	555
1761	#FFFFFF	555
1762	#FFFFFF	555
1763	#FFFFFF	1086
1764	#FFFFFF	1086
1765	#FFFFFF	1086
1766	#FFFFFF	1086
1767	#FFFFFF	1086
1769	#FFFFFF	563
1770	#FFFFFF	563
1771	#FFFFFF	1086
1772	#FFFFFF	563
1773	#FFFFFF	563
1774	#FFFFFF	1222
1775	#FFFFFF	563
1776	#FFFFFF	1222
1777	#FFFFFF	1222
1778	#FFFFFF	1222
1779	#FFFFFF	1222
1780	#FFFFFF	2651
1781	#FFFFFF	563
1782	#FFFFFF	2651
1783	#FFFFFF	2651
1784	#FFFFFF	2651
1785	#FFFFFF	2651
1786	#FFFFFF	1151
1787	#FFFFFF	1151
1788	#FFFFFF	2651
1789	#FFFFFF	2651
1790	#FFFFFF	2651
1791	#FFFFFF	2651
1792	#FFFFFF	563
1793	#FFFFFF	2651
1794	#FFFFFF	2651
1795	#FFFFFF	2651
1796	#FFFFFF	313
1797	#FFFFFF	1777
1798	#FFFFFF	313
1799	#FFFFFF	313
1800	#FFFFFF	313
1801	#FFFFFF	3102
1802	#FFFFFF	1664
1803	#FFFFFF	563
1804	#FFFFFF	313
1805	#FFFFFF	313
1806	#FFFFFF	313
1807	#FFFFFF	313
1808	#FFFFFF	72
1809	#FFFFFF	72
1810	#FFFFFF	72
1811	#FFFFFF	72
1812	#FFFFFF	72
1813	#FFFFFF	555
1814	#FFFFFF	1086
1815	#FFFFFF	1086
1816	#FFFFFF	1086
1817	#FFFFFF	1086
1818	#FFFFFF	1086
1820	#FFFFFF	563
1821	#FFFFFF	563
1822	#FFFFFF	1086
1823	#FFFFFF	563
1824	#FFFFFF	563
1825	#FFFFFF	563
1826	#FFFFFF	1222
1827	#FFFFFF	1222
1828	#FFFFFF	1222
1829	#FFFFFF	1222
1830	#FFFFFF	1222
1831	#FFFFFF	2651
1832	#FFFFFF	563
1833	#FFFFFF	2651
1834	#FFFFFF	2651
1835	#FFFFFF	1151
1836	#FFFFFF	1151
1837	#FFFFFF	1151
1838	#FFFFFF	1151
1839	#FFFFFF	2651
1840	#FFFFFF	2651
1841	#FFFFFF	2651
1842	#FFFFFF	2651
1843	#FFFFFF	563
1844	#FFFFFF	2651
1845	#FFFFFF	2651
1846	#FFFFFF	2651
1847	#FFFFFF	313
1848	#FFFFFF	313
1849	#FFFFFF	313
1850	#FFFFFF	313
1852	#FFFFFF	1664
1853	#FFFFFF	313
1854	#FFFFFF	1086
1855	#FFFFFF	313
1856	#FFFFFF	3940
1857	#FFFFFF	313
1858	#FFFFFF	313
1859	#FFFFFF	72
1860	#FFFFFF	72
1861	#FFFFFF	72
1862	#FFFFFF	72
1863	#FFFFFF	555
1864	#FFFFFF	1086
1865	#FFFFFF	1086
1866	#FFFFFF	1086
1867	#FFFFFF	1086
1868	#FFFFFF	1086
1870	#FFFFFF	563
1871	#FFFFFF	563
1872	#FFFFFF	1086
1873	#FFFFFF	1086
1874	#FFFFFF	1086
1875	#FFFFFF	563
1876	#FFFFFF	563
1877	#FFFFFF	1222
1878	#FFFFFF	1222
1879	#FFFFFF	1222
1880	#FFFFFF	1222
1881	#FFFFFF	1222
1882	#FFFFFF	563
1883	#FFFFFF	2651
1884	#FFFFFF	2651
1885	#FFFFFF	2651
1886	#FFFFFF	1151
1887	#FFFFFF	1151
1888	#FFFFFF	2651
1889	#FFFFFF	2651
1890	#FFFFFF	2915
1891	#FFFFFF	2651
1892	#FFFFFF	2651
1893	#FFFFFF	563
1894	#FFFFFF	2651
1895	#FFFFFF	2651
1896	#FFFFFF	2651
1897	#FFFFFF	313
1898	#FFFFFF	313
1899	#FFFFFF	313
1900	#FFFFFF	313
1901	#FFFFFF	6205
1902	#FFFFFF	313
1903	#FFFFFF	313
1904	#FFFFFF	1086
1905	#FFFFFF	313
1906	#FFFFFF	313
1907	#FFFFFF	313
1908	#FFFFFF	313
1909	#FFFFFF	72
1910	#FFFFFF	72
1911	#FFFFFF	72
1912	#FFFFFF	72
1913	#FFFFFF	555
1914	#FFFFFF	555
1915	#FFFFFF	563
1916	#FFFFFF	1086
1917	#FFFFFF	1086
1918	#FFFFFF	1086
1919	#FFFFFF	1086
1921	#FFFFFF	563
1922	#FFFFFF	563
1923	#FFFFFF	1086
1924	#FFFFFF	1086
1925	#FFFFFF	563
1926	#FFFFFF	1222
1927	#FFFFFF	1222
1928	#FFFFFF	1222
1929	#FFFFFF	1222
1930	#FFFFFF	1222
1931	#FFFFFF	1222
1932	#FFFFFF	1222
1933	#FFFFFF	563
1934	#FFFFFF	2651
1935	#FFFFFF	2651
1936	#FFFFFF	1151
1937	#FFFFFF	2651
1938	#FFFFFF	2651
1939	#FFFFFF	2651
1940	#FFFFFF	2651
1941	#FFFFFF	2915
1942	#FFFFFF	2651
1943	#FFFFFF	2651
1944	#FFFFFF	563
1945	#FFFFFF	2651
1946	#FFFFFF	2651
1947	#FFFFFF	2651
1948	#FFFFFF	2651
1949	#FFFFFF	313
1950	#FFFFFF	313
1951	#FFFFFF	313
1952	#FFFFFF	313
1953	#FFFFFF	313
1954	#FFFFFF	313
1955	#FFFFFF	563
1956	#FFFFFF	72
1957	#FFFFFF	313
1958	#FFFFFF	313
1959	#FFFFFF	313
1960	#FFFFFF	72
1961	#FFFFFF	72
1962	#FFFFFF	72
1963	#FFFFFF	72
1964	#FFFFFF	555
1965	#FFFFFF	1086
1966	#FFFFFF	1086
1967	#FFFFFF	1086
1968	#FFFFFF	563
1969	#FFFFFF	563
1971	#FFFFFF	563
1972	#FFFFFF	563
1973	#FFFFFF	563
1974	#FFFFFF	1086
1975	#FFFFFF	563
1976	#FFFFFF	1222
1977	#FFFFFF	1222
1978	#FFFFFF	1222
1979	#FFFFFF	1222
1980	#FFFFFF	1222
1981	#FFFFFF	1222
1982	#FFFFFF	1222
1983	#FFFFFF	563
1984	#FFFFFF	1222
1985	#FFFFFF	2651
1986	#FFFFFF	2651
1987	#FFFFFF	1151
1988	#FFFFFF	2651
1989	#FFFFFF	2915
1990	#FFFFFF	2915
1991	#FFFFFF	2915
1992	#FFFFFF	2651
1993	#FFFFFF	2651
1994	#FFFFFF	563
1995	#FFFFFF	2651
1996	#FFFFFF	2651
1997	#FFFFFF	2651
1998	#FFFFFF	2651
1999	#FFFFFF	2651
2000	#FFFFFF	313
2001	#FFFFFF	313
2002	#FFFFFF	313
2003	#FFFFFF	313
2004	#FFFFFF	313
2005	#FFFFFF	563
2006	#FFFFFF	72
2007	#FFFFFF	313
2008	#FFFFFF	313
2009	#FFFFFF	313
2010	#FFFFFF	72
2011	#FFFFFF	72
2012	#FFFFFF	72
2013	#FFFFFF	72
2014	#FFFFFF	555
2015	#FFFFFF	555
2016	#FFFFFF	563
2017	#FFFFFF	563
2018	#FFFFFF	563
2019	#FFFFFF	563
2020	#FFFFFF	563
2022	#FFFFFF	563
2023	#FFFFFF	563
2024	#FFFFFF	563
2025	#FFFFFF	563
2026	#FFFFFF	563
2027	#FFFFFF	1222
2028	#FFFFFF	1222
2029	#FFFFFF	1222
2030	#FFFFFF	1222
2031	#FFFFFF	1222
2032	#FFFFFF	1222
2033	#FFFFFF	1222
2034	#FFFFFF	563
2035	#FFFFFF	2651
2036	#FFFFFF	2651
2037	#FFFFFF	1151
2038	#FFFFFF	1151
2039	#FFFFFF	2651
2040	#FFFFFF	2915
2041	#FFFFFF	2915
2042	#FFFFFF	2651
2043	#FFFFFF	2651
2044	#FFFFFF	2651
2045	#FFFFFF	563
2046	#FFFFFF	2651
2047	#FFFFFF	2651
2048	#FFFFFF	2651
2049	#FFFFFF	313
2050	#FFFFFF	313
2051	#FFFFFF	313
2052	#FFFFFF	313
2053	#FFFFFF	313
2054	#FFFFFF	313
2055	#FFFFFF	72
2056	#FFFFFF	563
2057	#FFFFFF	313
2058	#FFFFFF	313
2059	#FFFFFF	313
2060	#FFFFFF	72
2061	#FFFFFF	72
2062	#FFFFFF	72
2063	#FFFFFF	72
2064	#FFFFFF	555
2065	#FFFFFF	72
2066	#FFFFFF	563
2067	#FFFFFF	563
2068	#FFFFFF	563
2069	#FFFFFF	313
2070	#FFFFFF	563
2072	#FFFFFF	563
2073	#FFFFFF	563
2074	#FFFFFF	563
2075	#FFFFFF	563
2076	#FFFFFF	563
2077	#FFFFFF	1222
2078	#FFFFFF	1222
2079	#FFFFFF	1222
2080	#FFFFFF	1222
2081	#FFFFFF	1222
2082	#FFFFFF	1222
2083	#FFFFFF	563
2084	#FFFFFF	563
2085	#FFFFFF	2651
2086	#FFFFFF	2651
2087	#FFFFFF	1151
2088	#FFFFFF	1151
2089	#FFFFFF	1151
2090	#FFFFFF	2651
2091	#FFFFFF	2651
2092	#FFFFFF	2915
2093	#FFFFFF	2651
2094	#FFFFFF	2651
2095	#FFFFFF	563
2096	#FFFFFF	2651
2097	#FFFFFF	2651
2098	#FFFFFF	2651
2099	#FFFFFF	2651
2100	#FFFFFF	313
2101	#FFFFFF	313
2102	#FFFFFF	313
2103	#FFFFFF	313
2104	#FFFFFF	313
2105	#FFFFFF	313
2106	#FFFFFF	563
2107	#FFFFFF	72
2108	#FFFFFF	313
2109	#FFFFFF	313
2110	#FFFFFF	72
2111	#FFFFFF	72
2112	#FFFFFF	72
2113	#FFFFFF	72
2114	#FFFFFF	555
2115	#FFFFFF	72
2116	#FFFFFF	72
2117	#FFFFFF	563
2118	#FFFFFF	563
2119	#FFFFFF	563
2120	#FFFFFF	313
2121	#FFFFFF	563
2123	#FFFFFF	563
2124	#FFFFFF	563
2125	#FFFFFF	563
2126	#FFFFFF	313
2127	#FFFFFF	563
2128	#FFFFFF	563
2129	#FFFFFF	1222
2130	#FFFFFF	1222
2131	#FFFFFF	1222
2132	#FFFFFF	1222
2133	#FFFFFF	563
2134	#FFFFFF	563
2135	#FFFFFF	563
2136	#FFFFFF	2651
2137	#FFFFFF	2651
2138	#FFFFFF	1151
2139	#FFFFFF	2651
2140	#FFFFFF	2651
2141	#FFFFFF	2651
2142	#FFFFFF	2651
2143	#FFFFFF	2915
2144	#FFFFFF	2651
2145	#FFFFFF	2651
2146	#FFFFFF	563
2147	#FFFFFF	2651
2148	#FFFFFF	2651
2149	#FFFFFF	2651
2150	#FFFFFF	313
2151	#FFFFFF	313
2152	#FFFFFF	313
2153	#FFFFFF	313
2154	#FFFFFF	313
2155	#FFFFFF	313
2156	#FFFFFF	72
2157	#FFFFFF	563
2158	#FFFFFF	313
2159	#FFFFFF	313
2160	#FFFFFF	72
2161	#FFFFFF	72
2162	#FFFFFF	5439
2163	#FFFFFF	72
2164	#FFFFFF	72
2165	#FFFFFF	72
2166	#FFFFFF	72
2167	#FFFFFF	563
2168	#FFFFFF	563
2169	#FFFFFF	563
2170	#FFFFFF	313
2171	#FFFFFF	313
2173	#FFFFFF	563
2174	#FFFFFF	563
2175	#FFFFFF	313
2176	#FFFFFF	313
2177	#FFFFFF	313
2178	#FFFFFF	563
2179	#FFFFFF	563
2180	#FFFFFF	1222
2181	#FFFFFF	1222
2182	#FFFFFF	1222
2183	#FFFFFF	1222
2184	#FFFFFF	563
2185	#FFFFFF	563
2186	#FFFFFF	2651
2187	#FFFFFF	2651
2188	#FFFFFF	1151
2189	#FFFFFF	1151
2190	#FFFFFF	2651
2191	#FFFFFF	2651
2192	#FFFFFF	2651
2193	#FFFFFF	2651
2194	#FFFFFF	2915
2195	#FFFFFF	2651
2196	#FFFFFF	563
2197	#FFFFFF	2651
2198	#FFFFFF	2651
2199	#FFFFFF	2651
2200	#FFFFFF	313
2201	#FFFFFF	1601
2202	#FFFFFF	2651
2203	#FFFFFF	313
2204	#FFFFFF	313
2205	#FFFFFF	313
2206	#FFFFFF	72
2207	#FFFFFF	563
2208	#FFFFFF	72
2209	#FFFFFF	313
2210	#FFFFFF	72
2211	#FFFFFF	5439
2212	#FFFFFF	5439
2213	#FFFFFF	72
2214	#FFFFFF	555
2215	#FFFFFF	72
2216	#FFFFFF	72
2217	#FFFFFF	555
2218	#FFFFFF	563
2219	#FFFFFF	563
2220	#FFFFFF	563
2221	#FFFFFF	563
2222	#FFFFFF	313
2224	#FFFFFF	563
2225	#FFFFFF	563
2226	#FFFFFF	313
2227	#FFFFFF	313
2228	#FFFFFF	563
2229	#FFFFFF	563
2230	#FFFFFF	563
2231	#FFFFFF	1222
2232	#FFFFFF	1222
2233	#FFFFFF	1222
2234	#FFFFFF	563
2235	#FFFFFF	563
2236	#FFFFFF	563
2237	#FFFFFF	563
2238	#FFFFFF	2651
2239	#FFFFFF	1151
2240	#FFFFFF	2651
2241	#FFFFFF	2651
2242	#FFFFFF	2651
2243	#FFFFFF	2651
2244	#FFFFFF	2915
2245	#FFFFFF	2651
2246	#FFFFFF	2651
2247	#FFFFFF	563
2248	#FFFFFF	2651
2249	#FFFFFF	2651
2250	#FFFFFF	2651
2251	#FFFFFF	313
2252	#FFFFFF	1601
2253	#FFFFFF	2651
2254	#FFFFFF	313
2255	#FFFFFF	313
2256	#FFFFFF	313
2257	#FFFFFF	313
2258	#FFFFFF	563
2259	#FFFFFF	72
2260	#FFFFFF	72
2261	#FFFFFF	72
2262	#FFFFFF	5439
2263	#FFFFFF	5439
2264	#FFFFFF	555
2265	#FFFFFF	555
2266	#FFFFFF	555
2267	#FFFFFF	555
2268	#FFFFFF	313
2269	#FFFFFF	563
2270	#FFFFFF	563
2271	#FFFFFF	313
2272	#FFFFFF	313
2274	#FFFFFF	313
2275	#FFFFFF	313
2276	#FFFFFF	313
2277	#FFFFFF	313
2278	#FFFFFF	313
2279	#FFFFFF	313
2280	#FFFFFF	313
2281	#FFFFFF	313
2282	#FFFFFF	313
2283	#FFFFFF	313
2284	#FFFFFF	313
2285	#FFFFFF	313
2286	#FFFFFF	1171
2287	#FFFFFF	313
2288	#FFFFFF	313
2289	#FFFFFF	313
2290	#FFFFFF	313
2291	#FFFFFF	313
2292	#FFFFFF	313
2293	#FFFFFF	313
2294	#FFFFFF	313
2295	#FFFFFF	313
2296	#FFFFFF	313
2297	#FFFFFF	1171
2298	#FFFFFF	313
2299	#FFFFFF	313
2300	#FFFFFF	313
2301	#FFFFFF	313
2302	#FFFFFF	72
2303	#FFFFFF	72
2304	#FFFFFF	72
2305	#FFFFFF	72
2306	#FFFFFF	196
2307	#FFFFFF	196
2308	#FFFFFF	1171
2309	#FFFFFF	196
2310	#FFFFFF	196
2311	#FFFFFF	196
2312	#FFFFFF	196
2313	#FFFFFF	196
2314	#FFFFFF	196
2315	#FFFFFF	196
2316	#FFFFFF	196
2317	#FFFFFF	196
2318	#FFFFFF	196
2319	#FFFFFF	1171
2320	#EE99B8	6505
2321	#FFFFFF	313
2322	#FFFFFF	313
2323	#FFFFFF	313
2325	#FFFFFF	1171
2326	#FFFFFF	1171
2327	#FFFFFF	313
2328	#FFFFFF	313
2329	#FFFFFF	313
2330	#FFFFFF	313
2331	#FFFFFF	313
2332	#FFFFFF	313
2333	#FFFFFF	313
2334	#FFFFFF	313
2335	#FFFFFF	313
2336	#FFFFFF	313
2337	#FFFFFF	1171
2338	#FFFFFF	313
2339	#FFFFFF	313
2340	#FFFFFF	313
2341	#FFFFFF	313
2342	#FFFFFF	313
2343	#FFFFFF	313
2344	#FFFFFF	313
2345	#FFFFFF	313
2346	#FFFFFF	313
2347	#FFFFFF	1823
2348	#FFFFFF	1171
2349	#FFFFFF	1823
2350	#FFFFFF	1823
2351	#FFFFFF	313
2352	#FFFFFF	72
2353	#FFFFFF	72
2354	#FFFFFF	72
2355	#FFFFFF	196
2356	#FFFFFF	72
2357	#FFFFFF	196
2358	#FFFFFF	196
2359	#FFFFFF	1171
2360	#FFFFFF	196
2361	#FFFFFF	196
2362	#FFFFFF	196
2363	#FFFFFF	196
2364	#FFFFFF	196
2365	#FFFFFF	196
2366	#FFFFFF	196
2367	#FFFFFF	196
2368	#FFFFFF	196
2369	#FFFFFF	1171
2370	#FFFFFF	1171
2371	#FFFFFF	313
2372	#FFFFFF	313
2373	#FFFFFF	313
2375	#FFFFFF	563
2376	#FFFFFF	563
2377	#FFFFFF	313
2378	#FFFFFF	563
2379	#FFFFFF	563
2380	#FFFFFF	563
2381	#FFFFFF	563
2382	#FFFFFF	1222
2383	#FFFFFF	563
2384	#FFFFFF	1222
2385	#FFFFFF	1222
2386	#FFFFFF	563
2387	#FFFFFF	563
2388	#FFFFFF	563
2389	#FFFFFF	563
2390	#FFFFFF	2651
2391	#FFFFFF	1151
2392	#FFFFFF	2651
2393	#FFFFFF	2651
2394	#FFFFFF	2651
2395	#FFFFFF	2651
2396	#FFFFFF	2651
2397	#FFFFFF	2651
2398	#FFFFFF	563
2399	#FFFFFF	2651
2400	#FFFFFF	2651
2401	#FFFFFF	2651
2402	#FFFFFF	1601
2403	#FFFFFF	1601
2404	#FFFFFF	2651
2405	#FFFFFF	2651
2406	#FFFFFF	313
2407	#FFFFFF	313
2408	#FFFFFF	313
2409	#FFFFFF	563
2410	#FFFFFF	72
2411	#FFFFFF	72
2412	#FFFFFF	72
2413	#FFFFFF	5439
2414	#FFFFFF	72
2415	#FFFFFF	72
2416	#FFFFFF	72
2417	#FFFFFF	555
2418	#FFFFFF	555
2419	#FFFFFF	3066
2420	#FFFFFF	313
2421	#FFFFFF	563
2422	#FFFFFF	563
2423	#FFFFFF	313
2424	#FFFFFF	313
2426	#FFFFFF	563
2427	#FFFFFF	563
2428	#FFFFFF	563
2429	#FFFFFF	563
2430	#FFFFFF	313
2431	#FFFFFF	563
2432	#FFFFFF	563
2433	#FFFFFF	563
2434	#FFFFFF	1222
2435	#FFFFFF	563
2436	#FFFFFF	563
2437	#FFFFFF	2651
2438	#FFFFFF	563
2439	#FFFFFF	2651
2440	#FFFFFF	2651
2441	#FFFFFF	1151
2442	#FFFFFF	2651
2443	#FFFFFF	2651
2444	#FFFFFF	2651
2445	#FFFFFF	2651
2446	#FFFFFF	2651
2447	#FFFFFF	2651
2448	#FFFFFF	2651
2449	#FFFFFF	563
2450	#FFFFFF	3098
2451	#FFFFFF	2651
2452	#FFFFFF	2651
2453	#FFFFFF	1601
2454	#FFFFFF	1601
2455	#FFFFFF	2651
2456	#FFFFFF	313
2457	#FFFFFF	313
2458	#FFFFFF	313
2459	#FFFFFF	72
2460	#FFFFFF	313
2461	#FFFFFF	72
2462	#FFFFFF	72
2463	#FFFFFF	5439
2464	#FFFFFF	5439
2465	#FFFFFF	72
2466	#FFFFFF	72
2467	#FFFFFF	72
2468	#FFFFFF	555
2469	#FFFFFF	555
2470	#FFFFFF	313
2471	#FFFFFF	313
2472	#FFFFFF	313
2473	#FFFFFF	313
2474	#FFFFFF	313
2476	#FFFFFF	563
2477	#FFFFFF	563
2478	#FFFFFF	563
2479	#FFFFFF	313
2480	#FFFFFF	313
2481	#FFFFFF	563
2482	#FFFFFF	313
2483	#FFFFFF	563
2484	#FFFFFF	563
2485	#FFFFFF	563
2486	#FFFFFF	563
2487	#FFFFFF	563
2488	#FFFFFF	563
2489	#FFFFFF	2651
2490	#FFFFFF	2651
2491	#FFFFFF	1151
2492	#FFFFFF	2651
2493	#FFFFFF	2651
2494	#FFFFFF	2651
2495	#FFFFFF	2651
2496	#FFFFFF	2651
2497	#FFFFFF	2651
2498	#FFFFFF	2651
2499	#FFFFFF	563
2500	#FFFFFF	2651
2501	#FFFFFF	3098
2502	#FFFFFF	2651
2503	#FFFFFF	1601
2504	#FFFFFF	1601
2505	#FFFFFF	1601
2506	#FFFFFF	2651
2507	#FFFFFF	313
2508	#FFFFFF	313
2509	#FFFFFF	72
2510	#FFFFFF	313
2511	#FFFFFF	72
2512	#FFFFFF	72
2513	#FFFFFF	5439
2514	#FFFFFF	72
2515	#FFFFFF	72
2516	#FFFFFF	72
2517	#FFFFFF	555
2518	#FFFFFF	555
2519	#FFFFFF	3066
2520	#FFFFFF	3066
2521	#FFFFFF	313
2522	#FFFFFF	313
2523	#FFFFFF	313
2524	#FFFFFF	313
2525	#FFFFFF	313
2527	#FFFFFF	563
2528	#FFFFFF	563
2529	#FFFFFF	313
2530	#FFFFFF	313
2531	#FFFFFF	313
2532	#FFFFFF	313
2533	#FFFFFF	563
2534	#FFFFFF	563
2535	#FFFFFF	563
2536	#FFFFFF	563
2537	#FFFFFF	563
2538	#FFFFFF	2651
2539	#FFFFFF	563
2540	#FFFFFF	2651
2541	#FFFFFF	2651
2542	#FFFFFF	2651
2543	#FFFFFF	2651
2544	#FFFFFF	2651
2545	#FFFFFF	2651
2546	#FFFFFF	2651
2547	#FFFFFF	2651
2548	#FFFFFF	2651
2549	#FFFFFF	2651
2550	#FFFFFF	313
2551	#FFFFFF	2651
2552	#FFFFFF	3098
2553	#FFFFFF	3098
2554	#FFFFFF	1601
2555	#FFFFFF	1601
2556	#FFFFFF	1601
2557	#FFFFFF	2651
2558	#FFFFFF	313
2559	#FFFFFF	313
2560	#FFFFFF	72
2561	#FFFFFF	313
2562	#FFFFFF	72
2563	#FFFFFF	5439
2564	#FFFFFF	72
2565	#FFFFFF	72
2566	#FFFFFF	72
2567	#FFFFFF	72
2568	#FFFFFF	555
2569	#FFFFFF	555
2570	#FFFFFF	3066
2571	#FFFFFF	313
2572	#FFFFFF	313
2573	#FFFFFF	313
2574	#FFFFFF	313
2575	#FFFFFF	313
2577	#FFFFFF	563
2578	#FFFFFF	563
2579	#FFFFFF	313
2580	#FFFFFF	313
2581	#FFFFFF	313
2582	#FFFFFF	313
2583	#FFFFFF	563
2584	#FFFFFF	313
2585	#FFFFFF	563
2586	#FFFFFF	563
2587	#FFFFFF	563
2588	#FFFFFF	563
2589	#FFFFFF	563
2590	#FFFFFF	563
2591	#FFFFFF	563
2592	#FFFFFF	2651
2593	#FFFFFF	2651
2594	#FFFFFF	2651
2595	#FFFFFF	2651
2596	#FFFFFF	2651
2597	#FFFFFF	2651
2598	#FFFFFF	2651
2599	#FFFFFF	2651
2600	#FFFFFF	313
2601	#FFFFFF	2651
2602	#FFFFFF	3098
2603	#FFFFFF	3098
2604	#FFFFFF	1601
2605	#FFFFFF	1601
2606	#FFFFFF	2651
2607	#FFFFFF	1601
2608	#FFFFFF	2651
2609	#FFFFFF	313
2610	#FFFFFF	72
2611	#FFFFFF	313
2612	#FFFFFF	72
2613	#FFFFFF	72
2614	#FFFFFF	72
2615	#FFFFFF	555
2616	#FFFFFF	72
2617	#FFFFFF	72
2618	#FFFFFF	555
2619	#FFFFFF	555
2620	#FFFFFF	555
2621	#FFFFFF	555
2622	#FFFFFF	313
2623	#FFFFFF	313
2624	#FFFFFF	313
2625	#FFFFFF	313
2626	#FFFFFF	313
2628	#FFFFFF	563
2629	#FFFFFF	563
2630	#FFFEFE	148
2631	#FFFFFF	313
2632	#FFFFFF	313
2633	#FFFFFF	313
2634	#FFFFFF	563
2635	#FFFFFF	313
2636	#FFFFFF	563
2637	#FFFFFF	563
2638	#FFFFFF	563
2639	#FFFFFF	563
2640	#FFFFFF	313
2641	#FFFFFF	563
2642	#FFFFFF	2651
2643	#FFFFFF	3285
2644	#FFFFFF	3285
2645	#FFFFFF	2651
2646	#FFFFFF	2651
2647	#FFFFFF	2651
2648	#FFFFFF	2651
2649	#FFFFFF	2651
2650	#FFFFFF	2651
2651	#FFFEFE	148
2652	#FFFFFF	2651
2653	#FFFFFF	6407
2654	#FFFFFF	3098
2655	#FFFFFF	3098
2656	#FFFFFF	2651
2657	#FFFFFF	2651
2658	#FFFFFF	2651
2659	#FFFFFF	313
2660	#FFFFFF	72
2661	#FFFFFF	72
2662	#FFFEFE	148
2663	#FFFFFF	72
2664	#FFFFFF	72
2665	#FFFFFF	72
2666	#FFFFFF	555
2667	#FFFFFF	555
2668	#FFFFFF	72
2669	#FFFFFF	72
2670	#FFFFFF	555
2671	#FFFFFF	555
2672	#FFFFFF	313
2673	#FFFEFE	148
2674	#FFFFFF	313
2675	#FFFFFF	313
2676	#FFFFFF	313
2678	#FFFFFF	563
2679	#FFFFFF	563
2680	#FFFEFE	148
2681	#FFFEFE	148
2682	#FFFFFF	313
2683	#FFFFFF	313
2684	#FFFFFF	313
2685	#FFFFFF	313
2686	#FFFFFF	313
2687	#FFFFFF	563
2688	#FFFFFF	563
2689	#FFFFFF	563
2690	#FFFEFE	148
2691	#FFFFFF	563
2692	#FFFFFF	563
2693	#FFFFFF	2651
2694	#FFFFFF	3285
2695	#FFFFFF	2651
2696	#FFFFFF	3285
2697	#FFFFFF	2651
2698	#FFFFFF	2651
2699	#FFFFFF	2651
2700	#FFFFFF	2651
2701	#FFFEFE	148
2702	#FFFFFF	3098
2703	#FFFFFF	2651
2704	#FFFFFF	2651
2705	#FFFFFF	3098
2706	#FFFFFF	2651
2707	#FFFFFF	2651
2708	#FFFFFF	2651
2709	#FFFFFF	313
2710	#FFFFFF	313
2711	#FFFFFF	72
2712	#FFFEFE	148
2713	#FFFFFF	72
2714	#FFFFFF	72
2715	#FFFFFF	72
2716	#FFFFFF	72
2717	#FFFFFF	555
2718	#FFFFFF	555
2719	#FFFFFF	72
2720	#FFFFFF	555
2721	#FFFFFF	555
2722	#FFFFFF	555
2723	#FFFEFE	148
2724	#FFFFFF	313
2725	#FFFEFE	148
2726	#FFFFFF	313
2727	#FFFFFF	313
2729	#FFFFFF	563
2730	#FFFEFE	148
2731	#FFFEFE	148
2732	#FFFEFE	148
2733	#FFFFFF	313
2734	#FFFFFF	313
2735	#FFFFFF	313
2736	#FFFFFF	313
2737	#FFFFFF	563
2738	#FFFFFF	563
2739	#FFFFFF	563
2740	#FFFFFF	563
2741	#FFFEFE	148
2742	#FFFFFF	563
2743	#FFFFFF	2651
2744	#FFFFFF	2651
2745	#FFFFFF	3285
2746	#FFFFFF	3285
2747	#FFFFFF	2651
2748	#FFFFFF	2651
2749	#FFFFFF	2651
2750	#FFFFFF	3098
2751	#FFFFFF	3098
2752	#FFFEFE	148
2753	#FFFFFF	2651
2754	#FFFFFF	2651
2755	#FFFFFF	2651
2756	#FFFFFF	3098
2757	#FFFFFF	2651
2758	#FFFFFF	2651
2759	#FFFFFF	2651
2760	#FFFFFF	313
2761	#FFFFFF	72
2762	#FFFFFF	72
2763	#FFFEFE	148
2764	#FFFFFF	72
2765	#FFFFFF	72
2766	#FFFFFF	72
2767	#FFFFFF	72
2768	#FFFFFF	555
2769	#FFFFFF	555
2770	#FFFFFF	72
2771	#FFFFFF	555
2772	#FFFFFF	555
2773	#FFFEFE	148
2774	#FFFEFE	148
2775	#FFFFFF	313
2776	#FFFFFF	313
2777	#FFFEFE	148
2779	#FFFFFF	563
2780	#FFFEFE	148
2781	#FFFEFE	148
2782	#FFFEFE	148
2783	#FFFEFE	148
2784	#FFFFFF	313
2785	#FFFFFF	313
2786	#FFFFFF	313
2787	#FFFFFF	313
2788	#FFFFFF	563
2789	#FFFFFF	563
2790	#FFFFFF	563
2791	#FFFEFE	148
2792	#FFFFFF	563
2793	#FFFFFF	2651
2794	#FFFFFF	3285
2795	#FFFFFF	3285
2796	#FFFFFF	3285
2797	#FFFFFF	2651
2798	#FFFFFF	2651
2799	#FFFFFF	2651
2800	#FFFFFF	3098
2801	#FFFFFF	3098
2802	#FFFEFE	148
2803	#FFFFFF	2651
2804	#FFFFFF	3098
2805	#FFFFFF	2651
2806	#FFFFFF	3098
2807	#FFFFFF	2651
2808	#FFFFFF	2651
2809	#FFFFFF	2651
2810	#FFFFFF	313
2811	#FFFFFF	313
2812	#FFFFFF	313
2813	#FFFEFE	148
2814	#FFFFFF	72
2815	#FFFFFF	72
2816	#FFFFFF	72
2817	#FFFFFF	72
2818	#FFFFFF	555
2819	#FFFFFF	555
2820	#FFFFFF	555
2821	#FFFFFF	555
2822	#FFFFFF	555
2823	#FFFFFF	555
2824	#FFFEFE	148
2825	#FFFEFE	148
2826	#FFFEFE	148
2827	#FFFFFF	313
2828	#FFFEFE	148
2830	#FFFEFE	148
2831	#FFFEFE	148
2832	#FFFFFF	313
2833	#FFFEFE	148
2834	#FFFFFF	313
2835	#FFFFFF	313
2836	#FFFFFF	313
2837	#FFFFFF	313
2838	#FFFFFF	563
2839	#FFFFFF	563
2840	#FFFFFF	563
2841	#FFFFFF	563
2842	#FFFEFE	148
2843	#FFFFFF	563
2844	#FFFFFF	2651
2845	#FFFFFF	3285
2846	#FFFFFF	3285
2847	#FFFFFF	3285
2848	#FFFFFF	2651
2849	#FFFFFF	2651
2850	#FFFFFF	3098
2851	#FFFFFF	3098
2852	#FFFFFF	3098
2853	#FFFEFE	148
2854	#FFFFFF	3098
2855	#FFFFFF	3098
2856	#FFFFFF	3098
2857	#FFFFFF	3098
2858	#FFFFFF	2651
2859	#FFFFFF	2651
2860	#FFFFFF	2651
2861	#FFFFFF	2651
2862	#FFFFFF	313
2863	#FFFFFF	72
2864	#FFFEFE	148
2865	#FFFFFF	72
2866	#FFFFFF	72
2867	#FFFFFF	72
2868	#FFFFFF	555
2869	#FFFFFF	555
2870	#FFFFFF	555
2871	#FFFFFF	555
2872	#FFFFFF	555
2873	#FFFFFF	555
2874	#FFFEFE	148
2875	#FFFEFE	148
2876	#FFFEFE	148
2877	#FFFEFE	148
2878	#FFFEFE	148
2880	#FFFEFE	148
2881	#FFFEFE	148
2882	#FFFEFE	148
2883	#FFFFFF	313
2884	#FFFFFF	313
2885	#FFFFFF	313
2886	#FFFFFF	313
2887	#FFFFFF	313
2888	#FFFFFF	313
2889	#FFFFFF	563
2890	#FFFFFF	563
2891	#FFFFFF	563
2892	#FFFEFE	148
2893	#FFFFFF	563
2894	#FFFFFF	563
2895	#FFFFFF	2651
2896	#FFFFFF	3285
2897	#FFFFFF	2651
2898	#FFFFFF	2651
2899	#FFFFFF	2651
2900	#FFFFFF	2651
2901	#FFFFFF	2651
2902	#FFFFFF	2651
2903	#FFFEFE	148
2904	#FFFFFF	3098
2905	#FFFFFF	2651
2906	#FFFFFF	3098
2907	#FFFFFF	3098
2908	#FFFFFF	2651
2909	#FFFFFF	313
2910	#FFFFFF	2651
2911	#FFFFFF	2651
2912	#FFFFFF	313
2913	#FFFFFF	72
2914	#FFFEFE	148
2915	#FFFFFF	72
2916	#FFFFFF	72
2917	#FFFFFF	72
2918	#FFFFFF	72
2919	#FFFFFF	555
2920	#FFFFFF	555
2921	#FFFFFF	555
2922	#FFFFFF	555
2923	#FFFFFF	555
2924	#FFFFFF	555
2925	#FFFEFE	148
2926	#FFFEFE	148
2927	#FFFEFE	148
2928	#FFFEFE	148
2929	#FFFEFE	148
2931	#FFFEFE	148
2932	#FFFEFE	148
2933	#FFFFFF	313
2934	#FFFFFF	313
2935	#FFFFFF	313
2936	#FFFFFF	313
2937	#FFFFFF	313
2938	#FFFFFF	563
2939	#FFFFFF	563
2940	#FFFFFF	563
2941	#FFFFFF	563
2942	#FFFFFF	563
2943	#FFFEFE	148
2944	#FFFFFF	563
2945	#FFFFFF	2651
2946	#FFFFFF	3285
2947	#FFFFFF	2651
2948	#FFFFFF	2651
2949	#FFFFFF	2651
2950	#FFFFFF	2651
2951	#FFFFFF	2651
2952	#FFFFFF	2651
2953	#FFFFFF	2651
2954	#FFFEFE	148
2955	#FFFFFF	2651
2956	#FFFFFF	2651
2957	#FFFFFF	3098
2958	#FFFFFF	2651
2959	#FFFFFF	2651
2960	#FFFFFF	313
2961	#FFFFFF	313
2962	#FFFFFF	313
2963	#FFFFFF	313
2964	#FFFFFF	313
2965	#FFFEFE	148
2966	#FFFFFF	72
2967	#FFFFFF	72
2968	#FFFFFF	72
2969	#FFFFFF	72
2970	#FFFFFF	555
2971	#FFFFFF	555
2972	#FFFFFF	555
2973	#FFFFFF	555
2974	#FFFFFF	555
2975	#FFFEFE	148
2976	#FFFEFE	148
2977	#FFFEFE	148
2978	#FFFEFE	148
2979	#FFFEFE	148
2981	#FFFEFE	148
2982	#CD1076	2725
2983	#FFFFFF	313
2984	#FFFFFF	313
2985	#FFFFFF	313
2986	#FFFFFF	313
2987	#FFFFFF	313
2988	#FFFFFF	563
2989	#FFFFFF	563
2990	#FFFFFF	313
2991	#FFFFFF	563
2992	#FFFFFF	563
2993	#FFFEFE	148
2994	#FFFFFF	563
2995	#FFFFFF	563
2996	#FFFFFF	3285
2997	#FFFFFF	3285
2998	#FFFFFF	3285
2999	#FFFFFF	3285
3000	#FFFFFF	2651
3001	#FFFFFF	2651
3002	#FFFFFF	2651
3003	#FFFFFF	2651
3004	#FFFEFE	148
3005	#FFFFFF	2651
3006	#FFFFFF	2651
3007	#FFFFFF	2651
3008	#FFFFFF	3098
3009	#FFFFFF	2651
3010	#FFFFFF	313
3011	#FFFFFF	313
3012	#FFFFFF	313
3013	#FFFFFF	313
3014	#FFFFFF	313
3015	#FFFEFE	148
3016	#FFFFFF	72
3017	#FFFFFF	72
3018	#FFFFFF	72
3019	#FFFFFF	72
3020	#FFFFFF	555
3021	#FFFFFF	555
3022	#FFFFFF	555
3023	#FFFFFF	555
3024	#FFFFFF	555
3025	#FFFFFF	555
3026	#FFFEFE	148
3027	#FFFEFE	148
3028	#FFFEFE	148
3029	#FFFEFE	148
3030	#FFFEFE	148
3032	#FFFEFE	148
3033	#CD1076	2725
3034	#FFFFFF	313
3035	#FFFFFF	313
3036	#FFFFFF	313
3037	#FFFFFF	313
3038	#FFFFFF	313
3039	#FFFFFF	563
3040	#FFFFFF	563
3041	#FFFFFF	313
3042	#FFFFFF	563
3043	#FFFFFF	563
3044	#FFFEFE	148
3045	#FFFFFF	563
3046	#FFFFFF	563
3047	#FFFFFF	3285
3048	#FFFFFF	3285
3049	#FFFFFF	3285
3050	#FFFFFF	2651
3051	#FFFFFF	2651
3052	#FFFFFF	2651
3053	#FFFFFF	2651
3054	#FFFFFF	2651
3055	#FFFEFE	148
3056	#FFFFFF	2651
3057	#FFFFFF	2651
3058	#FFFFFF	3098
3059	#FFFFFF	2651
3060	#FFFFFF	313
3061	#FFFFFF	313
3062	#FFFFFF	313
3063	#FFFFFF	313
3064	#FFFFFF	72
3065	#FFFFFF	72
3066	#FFFEFE	148
3067	#FFFFFF	72
3068	#FFFFFF	72
3069	#FFFFFF	72
3070	#FFFFFF	555
3071	#FFFFFF	555
3072	#FFFFFF	555
3073	#FFFFFF	72
3074	#FFFFFF	555
3075	#FFFFFF	555
3076	#FFFEFE	148
3077	#FFFEFE	148
3078	#FFFEFE	148
3079	#FFFEFE	148
3080	#FFFEFE	148
3082	#FFFEFE	148
3083	#FFFEFE	148
3084	#FFFEFE	148
3085	#FFFFFF	313
3086	#FFFFFF	313
3087	#FFFFFF	313
3088	#FFFFFF	313
3089	#FFFFFF	313
3090	#FFFFFF	313
3091	#FFFFFF	313
3092	#FFFFFF	563
3093	#FFFFFF	563
3094	#FFFEFE	148
3095	#FFFFFF	563
3096	#FFFFFF	563
3097	#FFFFFF	563
3098	#FFFFFF	3285
3099	#FFFFFF	2651
3100	#FFFFFF	2651
3101	#FFFFFF	2651
3102	#FFFFFF	2651
3103	#FFFFFF	2651
3104	#FFFFFF	2651
3105	#FFFEFE	148
3106	#FFFFFF	2651
3107	#FFFFFF	2651
3108	#FFFFFF	2651
3109	#FFFFFF	2651
3110	#FFFFFF	313
3111	#FFFFFF	313
3112	#FFFFFF	313
3113	#FFFFFF	313
3114	#FFFFFF	313
3115	#FFFFFF	72
3116	#FFFEFE	148
3117	#FFFFFF	72
3118	#FFFFFF	72
3119	#FFFFFF	72
3120	#FFFFFF	72
3121	#FFFFFF	72
3122	#FFFFFF	555
3123	#FFFFFF	555
3124	#FFFFFF	72
3125	#FFFFFF	555
3126	#FFFFFF	234
3127	#FFFEFE	148
3128	#FFFEFE	148
3129	#FFFEFE	148
3130	#FFFEFE	148
3131	#FFFEFE	148
3133	#FFFEFE	148
3134	#FFFEFE	148
3135	#FFFFFF	313
3136	#FFFEFE	148
3137	#FFFEFE	148
3138	#FFFEFE	148
3139	#FFFFFF	313
3140	#FFFFFF	313
3141	#FFFFFF	313
3142	#FFFFFF	563
3143	#FFFFFF	563
3144	#FFFFFF	563
3145	#FFFEFE	148
3146	#FFFFFF	563
3147	#FFFFFF	563
3148	#FFFFFF	3285
3149	#FFFFFF	2651
3150	#FFFFFF	2651
3151	#FFFFFF	2651
3152	#FFFFFF	2651
3153	#FFFFFF	2651
3154	#FFFFFF	2651
3155	#FFFFFF	2651
3156	#FFFEFE	148
3157	#FFFFFF	2651
3158	#FFFFFF	2651
3159	#FFFFFF	2651
3160	#FFFFFF	313
3161	#FFFFFF	313
3162	#FFFFFF	313
3163	#FFFFFF	313
3164	#FFFFFF	313
3165	#FFFFFF	72
3166	#FFFFFF	72
3167	#FFFEFE	148
3168	#FFFFFF	72
3169	#FFFFFF	72
3170	#FFFFFF	72
3171	#FFFFFF	72
3172	#FFFFFF	72
3173	#FFFFFF	72
3174	#FFFFFF	72
3175	#FFFFFF	555
3176	#FFFFFF	555
3177	#FFFEFE	148
3178	#FFFEFE	148
3179	#FFFEFE	148
3180	#FFFEFE	148
3181	#FFFEFE	148
3183	#FFFEFE	148
3184	#EB8EB0	4088
3185	#FFFEFE	148
3186	#FFFEFE	148
3187	#FFFEFE	148
3188	#FFFEFE	148
3189	#FFFFFF	313
3190	#FFFEFE	148
3191	#FFFFFF	313
3192	#FFFFFF	563
3193	#FFFFFF	563
3194	#FFFFFF	563
3195	#FFFEFE	148
3196	#FFFFFF	563
3197	#FFFFFF	563
3198	#FFFFFF	563
3199	#FFFFFF	563
3200	#FFFFFF	2651
3201	#FFFFFF	2651
3202	#FFFFFF	2651
3203	#FFFFFF	2651
3204	#FFFFFF	2651
3205	#FFFFFF	2651
3206	#FFFEFE	148
3207	#FFFFFF	2651
3208	#FFFFFF	2651
3209	#FFFFFF	2651
3210	#FFFFFF	313
3211	#FFFFFF	2651
3212	#FFFFFF	313
3213	#FFFFFF	313
3214	#FFFFFF	313
3215	#FFFFFF	72
3216	#FFFFFF	72
3217	#FFFFFF	313
3218	#FFFFFF	72
3219	#FFFFFF	72
3220	#FFFFFF	72
3221	#FFFFFF	72
3222	#FFFFFF	72
3223	#FFFFFF	72
3224	#FFFFFF	72
3225	#FFFFFF	72
3226	#FFFFFF	555
3227	#FFFFFF	234
3228	#FFFEFE	148
3229	#FFFEFE	148
3230	#FFFEFE	148
3231	#FFFEFE	148
3232	#FFFEFE	148
3234	#EB8EB0	4088
3235	#EB8EB0	4088
3236	#FFFEFE	148
3237	#FFFEFE	148
3238	#FFFEFE	148
3239	#FFFEFE	148
3240	#FFFEFE	148
3241	#FFFEFE	148
3242	#FFFFFF	313
3243	#FFFFFF	563
3244	#FFFFFF	563
3245	#FFFFFF	563
3246	#EB8EB0	4088
3247	#FFFFFF	563
3248	#FFFFFF	563
3249	#FFFFFF	563
3250	#FFFFFF	563
3251	#FFFFFF	2651
3252	#FFFFFF	2651
3253	#FFFFFF	2651
3254	#FFFFFF	2651
3255	#FFFFFF	313
3256	#FFFFFF	313
3257	#FFFEFE	148
3258	#FFFFFF	2651
3259	#FFFFFF	2651
3260	#FFFFFF	2651
3261	#FFFFFF	2651
3262	#FFFFFF	313
3263	#FFFFFF	313
3264	#FFFFFF	313
3265	#FFFFFF	72
3266	#FFFFFF	72
3267	#FFFFFF	72
3268	#FFFFFF	313
3269	#FFFFFF	72
3270	#FFFFFF	72
3271	#FFFFFF	72
3272	#FFFFFF	72
3273	#FFFFFF	72
3274	#FFFFFF	72
3275	#FFFFFF	72
3276	#FFFFFF	234
3277	#FFFFFF	234
3278	#FFFEFE	148
3279	#FFFEFE	148
3280	#FFFEFE	148
3281	#FFFEFE	148
3282	#FFFEFE	148
3284	#FFFFFF	358
3285	#EB8EB0	4088
3286	#FFFEFE	148
3287	#FFFFFF	313
3288	#FFFFFF	313
3289	#FFFFFF	313
3290	#FFFEFE	148
3291	#FFFEFE	148
3292	#FFFFFF	313
3293	#FFFFFF	563
3294	#FFFFFF	313
3295	#FFFFFF	313
3296	#EB8EB0	4088
3297	#FFFFFF	313
3298	#FFFFFF	313
3299	#FFFFFF	563
3300	#FFFFFF	563
3301	#FFFFFF	563
3302	#FFFFFF	2651
3303	#FFFFFF	2651
3304	#FFFFFF	2651
3305	#FFFFFF	2651
3306	#FFFFFF	313
3307	#FFFEFE	148
3308	#FFFFFF	2651
3309	#FFFFFF	2651
3310	#FFFFFF	2651
3311	#FFFFFF	2651
3312	#FFFFFF	313
3313	#FFFFFF	313
3314	#FFFFFF	313
3315	#FFFFFF	72
3316	#FFFFFF	72
3317	#FFFFFF	72
3318	#FFFFFF	313
3319	#FFFFFF	72
3320	#FFFFFF	313
3321	#FFFFFF	72
3322	#FFFFFF	72
3323	#FFFFFF	72
3324	#FFFFFF	72
3325	#FFFFFF	72
3326	#FFFFFF	234
3327	#FFFFFF	234
3328	#FFFFFF	234
3329	#FFFFFF	313
3330	#FFFEFE	148
3331	#FFFEFE	148
3332	#FFFFFF	313
3333	#FFFEFE	148
3335	#FFFFFF	358
3336	#EB8EB0	4088
3337	#FFFEFE	148
3338	#FFFFFF	313
3339	#FFFFFF	313
3340	#FFFFFF	313
3341	#FFFEFE	148
3342	#FFFFFF	313
3343	#FFFFFF	313
3344	#FFFFFF	563
3345	#FFFFFF	313
3346	#FFFFFF	313
3347	#EB8EB0	4088
3348	#FFFFFF	313
3349	#FFFFFF	313
3350	#FFFFFF	563
3351	#FFFFFF	563
3352	#FFFFFF	563
3353	#FFFFFF	563
3354	#FFFFFF	2651
3355	#FFFFFF	313
3356	#FFFFFF	313
3357	#FFFFFF	313
3358	#FFFFFF	313
3359	#FFFFFF	2651
3360	#FFFFFF	2651
3361	#FFFFFF	2651
3362	#FFFFFF	313
3363	#FFFFFF	313
3364	#FFFFFF	313
3365	#FFFFFF	313
3366	#FFFFFF	72
3367	#FFFFFF	72
3368	#FFFFFF	72
3369	#FFFFFF	313
3370	#FFFFFF	313
3371	#FFFFFF	313
3372	#FFFFFF	72
3373	#FFFFFF	72
3374	#FFFFFF	72
3375	#FFFFFF	72
3376	#FFFFFF	72
3377	#FFFFFF	72
3378	#FFFFFF	234
3379	#FFFEFE	148
3380	#FFFEFE	148
3381	#FFFFFF	313
3382	#FFFEFE	148
3383	#FFFEFE	148
3385	#FFFFFF	563
3386	#FFFFFF	1171
3387	#FFFFFF	313
3388	#FFFFFF	1171
3389	#FFFFFF	313
3390	#FFFFFF	1171
3391	#FFFFFF	1171
3392	#FFFFFF	1171
3393	#FFFFFF	313
3394	#FFFFFF	313
3395	#FFFFFF	313
3396	#FFFFFF	313
3397	#FFFFFF	1171
3398	#FFFFFF	313
3399	#FFFFFF	313
3400	#FFFFFF	313
3401	#FFFFFF	313
3402	#FFFFFF	313
3403	#FFFFFF	313
3404	#FFFFFF	313
3405	#FFFFFF	313
3406	#FFFFFF	313
3407	#FFFFFF	1823
3408	#FFFFFF	1171
3409	#FFFFFF	1823
3410	#FFFFFF	1823
3411	#FFFFFF	1823
3412	#FFFFFF	313
3413	#FFFFFF	72
3414	#FFFFFF	72
3415	#FFFFFF	196
3416	#FFFFFF	196
3417	#FFFFFF	72
3418	#FFFFFF	196
3419	#FFFFFF	1171
3420	#FFFFFF	196
3421	#FFFFFF	196
3422	#FFFFFF	196
3423	#FFFFFF	196
3424	#FFFFFF	196
3425	#FFFFFF	196
3426	#FFFFFF	196
3427	#FFFFFF	196
3428	#FFFFFF	196
3429	#FFFFFF	196
3430	#FFFFFF	1171
3431	#FFFFFF	1171
3432	#FFFFFF	1171
3433	#FFFFFF	313
3434	#FFFFFF	313
3436	#FFFFFF	563
3437	#FFFFFF	563
3438	#FFFFFF	313
3439	#FFFFFF	1171
3440	#FFFFFF	1171
3441	#FFFFFF	1171
3442	#FFFFFF	1171
3443	#FFFFFF	313
3444	#FFFFFF	313
3445	#FFFFFF	313
3446	#FFFFFF	313
3447	#FFFFFF	313
3448	#FFFFFF	1171
3449	#FFFFFF	313
3450	#FFFFFF	313
3451	#FFFFFF	313
3452	#FFFFFF	313
3453	#FFFFFF	313
3454	#FFFFFF	313
3455	#FFFFFF	313
3456	#FFFFFF	313
3457	#FFFFFF	313
3458	#FFFFFF	1823
3459	#FFFFFF	1171
3460	#FFFFFF	1823
3461	#FFFFFF	313
3462	#FFFFFF	313
3463	#FFFFFF	72
3464	#FFFFFF	72
3465	#FFFFFF	72
3466	#FFFFFF	72
3467	#FFFFFF	196
3468	#FFFFFF	196
3469	#FFFFFF	196
3470	#FFFFFF	1171
3471	#FFFFFF	196
3472	#FFFFFF	196
3473	#FFFFFF	196
3474	#FFFFFF	196
3475	#FFFFFF	196
3476	#FFFFFF	196
3477	#FFFFFF	196
3478	#FFFFFF	196
3479	#FFFFFF	196
3480	#FFFFFF	1171
3481	#FFFFFF	1171
3482	#FFFFFF	1171
3483	#FFFFFF	313
3484	#FFFFFF	313
3486	#FFFFFF	358
3487	#FFFFFF	358
3488	#FFFEFE	148
3489	#FFFFFF	313
3490	#FFFFFF	313
3491	#FFFFFF	313
3492	#FFFFFF	313
3493	#FFFFFF	313
3494	#FFFFFF	313
3495	#FFFFFF	313
3496	#FFFFFF	313
3497	#FFFFFF	313
3498	#EB8EB0	4088
3499	#FFFFFF	313
3500	#FFFFFF	313
3501	#FFFFFF	563
3502	#FFFFFF	563
3503	#FFFFFF	563
3504	#FFFFFF	563
3505	#FFFFFF	563
3506	#FFFFFF	563
3507	#FFFFFF	313
3508	#FFFFFF	313
3509	#FFFFFF	313
3510	#FFFFFF	2651
3511	#FFFFFF	2651
3512	#FFFFFF	2651
3513	#FFFFFF	313
3514	#FFFFFF	313
3515	#FFFFFF	313
3516	#FFFFFF	313
3517	#FFFFFF	313
3518	#FFFFFF	313
3519	#FFFFFF	72
3520	#FFFFFF	313
3521	#FFFFFF	72
3522	#FFFFFF	313
3523	#FFFFFF	313
3524	#FFFFFF	72
3525	#FFFFFF	72
3526	#FFFFFF	72
3527	#FFFFFF	72
3528	#FFFFFF	72
3529	#FFFFFF	72
3530	#FFFFFF	5169
3531	#FFFFFF	313
3532	#FFFFFF	313
3533	#FFFFFF	313
3534	#FFFEFE	148
3535	#FFFEFE	148
3537	#FFFFFF	358
3538	#FFFFFF	358
3539	#FFFEFE	148
3540	#FFFEFE	148
3541	#FFFFFF	313
3542	#FFFFFF	313
3543	#FFFFFF	313
3544	#FFFFFF	313
3545	#FFFFFF	313
3546	#FFFFFF	313
3547	#FFFFFF	313
3548	#FFFFFF	313
3549	#FFFFFF	313
3550	#FFFFFF	313
3551	#FFFFFF	313
3552	#FFFFFF	563
3553	#FFFFFF	563
3554	#FFFFFF	563
3555	#FFFFFF	563
3556	#FFFFFF	563
3557	#FFFFFF	563
3558	#FFFFFF	313
3559	#FFFFFF	313
3560	#FFFFFF	313
3561	#FFFFFF	313
3562	#FFFFFF	2651
3563	#FFFFFF	2651
3564	#FFFFFF	313
3565	#FFFFFF	313
3566	#FFFFFF	313
3567	#FFFFFF	313
3568	#FFFFFF	313
3569	#FFFFFF	72
3570	#FFFFFF	72
3571	#FFFFFF	313
3572	#FFFFFF	313
3573	#FFFFFF	313
3574	#FFFFFF	313
3575	#FFFFFF	313
3576	#FFFFFF	313
3577	#FFFFFF	72
3578	#FFFFFF	72
3579	#FFFFFF	313
3580	#FFFFFF	72
3581	#FFFFFF	313
3582	#FFFFFF	313
3583	#FFFEFE	148
3584	#FFFEFE	148
3585	#FFFFFF	313
3587	#FFFFFF	358
3588	#FFFFFF	358
3589	#FFFFFF	313
3590	#FFFEFE	148
3591	#FFFEFE	148
3592	#FFFFFF	313
3593	#FFFFFF	313
3594	#FFFFFF	313
3595	#FFFFFF	313
3596	#FFFFFF	313
3597	#FFFFFF	313
3598	#FFFFFF	313
3599	#FFFFFF	358
3600	#FFFFFF	313
3601	#FFFFFF	563
3602	#FFFFFF	313
3603	#FFFFFF	563
3604	#FFFFFF	563
3605	#FFFFFF	563
3606	#FFFFFF	313
3607	#FFFFFF	313
3608	#FFFFFF	563
3609	#FFFFFF	313
3610	#FFFFFF	313
3611	#FFFFFF	313
3612	#FFFFFF	313
3613	#FFFFFF	313
3614	#FFFFFF	313
3615	#FFFFFF	313
3616	#FFFFFF	313
3617	#FFFFFF	313
3618	#FFFFFF	313
3619	#FFFFFF	72
3620	#FFFFFF	72
3621	#FFFFFF	313
3622	#FFFFFF	313
3623	#FFFFFF	313
3624	#FFFFFF	313
3625	#FFFFFF	313
3626	#FFFFFF	313
3627	#FFFFFF	72
3628	#FFFFFF	313
3629	#FFFFFF	313
3630	#FFFFFF	72
3631	#FFFFFF	72
3632	#FFFFFF	313
3633	#FFFFFF	313
3634	#FFFFFF	313
3635	#FFFEFE	148
3636	#FFFFFF	313
3638	#FFFFFF	358
3639	#FFFFFF	358
3640	#FFFEFE	148
3641	#FFFEFE	148
3642	#FFFFFF	313
3643	#FFFFFF	313
3644	#FFFFFF	313
3645	#FFFFFF	313
3646	#FFFFFF	313
3647	#FFFFFF	313
3648	#FFFFFF	313
3649	#FFFFFF	313
3650	#FFFFFF	358
3651	#FFFFFF	313
3652	#FFFFFF	563
3653	#FFFFFF	563
3654	#FFFFFF	563
3655	#FFFFFF	563
3656	#FFFFFF	563
3657	#FFFFFF	313
3658	#FFFFFF	563
3659	#FFFFFF	313
3660	#FFFFFF	313
3661	#FFFFFF	313
3662	#FFFFFF	313
3663	#FFFFFF	313
3664	#FFFFFF	313
3665	#FFFFFF	313
3666	#FFFFFF	313
3667	#FFFFFF	313
3668	#FFFFFF	313
3669	#FFFFFF	313
3670	#FFFFFF	313
3671	#FFFFFF	313
3672	#FFFFFF	313
3673	#FFFFFF	313
3674	#FFFFFF	313
3675	#FFFFFF	313
3676	#FFFFFF	313
3677	#FFFFFF	72
3678	#FFFFFF	313
3679	#FFFFFF	313
3680	#FFFFFF	72
3681	#FFFFFF	72
3682	#FFFFFF	313
3683	#FFFFFF	313
3684	#FFFFFF	313
3685	#FFFEFE	148
3686	#FFFFFF	313
3688	#FFFFFF	358
3689	#FFFFFF	358
3690	#FFFEFE	148
3691	#FFFEFE	148
3692	#FFFFFF	313
3693	#FFFFFF	313
3694	#FFFFFF	313
3695	#FFFFFF	313
3696	#FFFFFF	313
3697	#FFFFFF	313
3698	#FFFFFF	313
3699	#FFFFFF	313
3700	#FFFFFF	358
3701	#FFFFFF	313
3702	#FFFFFF	563
3703	#FFFFFF	563
3704	#FFFFFF	563
3705	#FFFFFF	563
3706	#FFFFFF	563
3707	#FFFFFF	313
3708	#FFFFFF	563
3709	#FFFFFF	313
3710	#FFFFFF	313
3711	#DF6396	6012
3712	#FFFFFF	313
3713	#FFFFFF	313
3714	#FFFFFF	313
3715	#FFFFFF	313
3716	#FFFFFF	313
3717	#FFFFFF	313
3718	#FFFFFF	313
3719	#FFFFFF	313
3720	#FFFFFF	313
3721	#FFFFFF	313
3722	#FFFFFF	313
3723	#FFFFFF	3197
3724	#FFFFFF	3197
3725	#FFFFFF	313
3726	#FFFFFF	313
3727	#FFFFFF	313
3728	#FFFFFF	313
3729	#FFFFFF	313
3730	#FFFFFF	313
3731	#FFFFFF	313
3732	#FFFFFF	72
3733	#FFFFFF	313
3734	#FFFFFF	313
3735	#FFFFFF	313
3736	#FFFFFF	313
3737	#FFFFFF	313
3739	#FFFFFF	358
3740	#FFFFFF	358
3741	#FFFEFE	148
3742	#FFFEFE	148
3743	#FFFFFF	313
3744	#FFFFFF	313
3745	#FFFFFF	313
3746	#FFFFFF	313
3747	#FFFFFF	313
3748	#FFFFFF	313
3749	#FFFFFF	313
3750	#FFFFFF	313
3751	#DF6396	6012
3752	#FFFFFF	313
3753	#FFFFFF	563
3754	#FFFFFF	563
3755	#FFFFFF	563
3756	#FFFFFF	563
3757	#FFFFFF	313
3758	#FFFFFF	313
3759	#FFFFFF	563
3760	#FFFFFF	313
3761	#FFFFFF	313
3762	#DF6396	6012
3763	#FFFFFF	313
3764	#FFFFFF	313
3765	#FFFFFF	313
3766	#FFFFFF	313
3767	#FFFFFF	313
3768	#FFFFFF	313
3769	#FFFFFF	313
3770	#FFFFFF	313
3771	#FFFFFF	313
3772	#FFFFFF	313
3773	#FFFFFF	313
3774	#FFFFFF	3197
3775	#FFFFFF	3197
3776	#FFFFFF	313
3777	#FFFFFF	313
3778	#FFFFFF	313
3779	#FFFFFF	313
3780	#FFFFFF	313
3781	#FFFFFF	313
3782	#FFFFFF	72
3783	#FFFFFF	313
3784	#FFFFFF	313
3785	#FFFFFF	313
3786	#FFFFFF	313
3787	#FFFFFF	313
3789	#FFFFFF	358
3790	#FFFFFF	358
3791	#FFFFFF	313
3792	#FFFEFE	148
3793	#FFFFFF	313
3794	#FFFFFF	313
3795	#FFFFFF	313
3796	#FFFFFF	313
3797	#FFFFFF	313
3798	#FFFFFF	313
3799	#FFFFFF	313
3800	#FFFFFF	313
3801	#FFFFFF	358
3802	#FFFFFF	313
3803	#FFFFFF	563
3804	#FFFFFF	563
3805	#FFFFFF	563
3806	#FFFFFF	313
3807	#FFFFFF	313
3808	#FFFFFF	563
3809	#FFFFFF	563
3810	#FFFFFF	563
3811	#FFFFFF	563
3812	#DF6396	6012
3813	#FFFFFF	313
3814	#FFFFFF	313
3815	#FFFFFF	313
3816	#FFFFFF	313
3817	#FFFFFF	313
3818	#FFFFFF	313
3819	#FFFFFF	313
3820	#FFFFFF	313
3821	#FFFFFF	313
3822	#FFFFFF	3197
3823	#FFFFFF	358
3824	#FFFFFF	3197
3825	#FFFFFF	3197
3826	#FFFFFF	3197
3827	#FFFFFF	313
3828	#FFFFFF	313
3829	#FFFFFF	313
3830	#FFFFFF	313
3831	#FFFFFF	313
3832	#FFFFFF	72
3833	#FFFFFF	72
3834	#FFFFFF	313
3835	#FFFFFF	313
3836	#FFFFFF	313
3837	#FFFFFF	313
3838	#FFFFFF	313
3840	#FFFFFF	358
3841	#FFFFFF	358
3842	#FFFFFF	313
3843	#FFFFFF	313
3844	#FFFFFF	313
3845	#FFFFFF	313
3846	#FFFFFF	313
3847	#FFFFFF	313
3848	#FFFFFF	313
3849	#FFFFFF	313
3850	#FFFFFF	313
3851	#FFFFFF	313
3852	#FFFFFF	358
3853	#FFFFFF	563
3854	#FFFFFF	563
3855	#FFFFFF	563
3856	#FFFFFF	313
3857	#FFFFFF	313
3858	#FFFFFF	313
3859	#FFFFFF	563
3860	#FFFFFF	563
3861	#FFFFFF	563
3862	#FFFFFF	563
3863	#FFFFFF	358
3864	#FFFFFF	313
3865	#FFFFFF	313
3866	#FFFFFF	313
3867	#FFFFFF	313
3868	#FFFFFF	313
3869	#FFFFFF	313
3870	#FFFFFF	313
3871	#FFFFFF	313
3872	#FFFFFF	3197
3873	#FFFFFF	3197
3874	#FFFFFF	358
3875	#FFFFFF	3197
3876	#FFFFFF	3197
3877	#FFFFFF	3197
3878	#FFFFFF	313
3879	#FFFFFF	313
3880	#FFFFFF	313
3881	#FFFFFF	313
3882	#FFFFFF	313
3883	#FFFFFF	72
3884	#FFFFFF	313
3885	#FFFFFF	313
3886	#FFFFFF	313
3887	#FFFFFF	313
3888	#FFFFFF	313
3890	#FFFFFF	358
3891	#FFFFFF	358
3892	#FFFFFF	313
3893	#FFFFFF	313
3894	#FFFFFF	313
3895	#FFFFFF	313
3896	#FFFFFF	313
3897	#FFFFFF	313
3898	#FFFFFF	313
3899	#FFFFFF	313
3900	#FFFFFF	313
3901	#FFFFFF	313
3902	#FFFFFF	358
3903	#FFFFFF	563
3904	#FFFFFF	563
3905	#FFFFFF	563
3906	#FFFFFF	563
3907	#FFFFFF	313
3908	#FFFFFF	313
3909	#FFFFFF	313
3910	#FFFFFF	313
3911	#FFFFFF	563
3912	#FFFFFF	563
3913	#FFFFFF	358
3914	#FFFFFF	313
3915	#FFFFFF	313
3916	#FFFFFF	313
3917	#FFFFFF	313
3918	#FFFFFF	313
3919	#FFFFFF	313
3920	#FFFFFF	313
3921	#FFFFFF	313
3922	#FFFFFF	313
3923	#FFFFFF	3197
3924	#FFFFFF	358
3925	#FFFFFF	3197
3926	#FFFFFF	3197
3927	#FFFFFF	313
3928	#FFFFFF	313
3929	#FFFFFF	313
3930	#FFFFFF	313
3931	#FFFFFF	313
3932	#FFFFFF	313
3933	#FFFFFF	313
3934	#FFFFFF	72
3935	#FFFFFF	358
3936	#FFFFFF	358
3937	#FFFFFF	313
3938	#FFFFFF	313
3939	#FFFFFF	313
3941	#FFFFFF	358
3942	#FFFFFF	358
3943	#FFFFFF	313
3944	#FFFFFF	313
3945	#FFFFFF	313
3946	#FFFFFF	313
3947	#FFFFFF	313
3948	#FFFFFF	313
3949	#FFFFFF	313
3950	#FFFFFF	313
3951	#FFFFFF	313
3952	#FFFFFF	313
3953	#FFFFFF	358
3954	#FFFFFF	563
3955	#FFFFFF	563
3956	#FFFFFF	563
3957	#FFFFFF	563
3958	#FFFFFF	313
3959	#FFFFFF	313
3960	#FFFFFF	313
3961	#FFFFFF	313
3962	#FFFFFF	313
3963	#FFFFFF	313
3964	#FFFFFF	358
3965	#FFFFFF	313
3966	#FFFFFF	313
3967	#FFFFFF	313
3968	#FFFFFF	313
3969	#FFFFFF	313
3970	#FFFFFF	313
3971	#FFFFFF	313
3972	#FFFFFF	3197
3973	#FFFFFF	3197
3974	#FFFFFF	3197
3975	#FFFFFF	358
3976	#FFFFFF	3197
3977	#FFFFFF	3197
3978	#FFFFFF	313
3979	#FFFFFF	313
3980	#FFFFFF	313
3981	#FFFFFF	313
3982	#FFFFFF	313
3983	#FFFFFF	313
3984	#FFFFFF	313
3985	#FFFFFF	358
3986	#FFFFFF	358
3987	#FFFFFF	313
3988	#FFFFFF	313
3989	#FFFFFF	313
4042	#FFFFFF	563
4043	#FFFFFF	563
4044	#FFFFFF	313
4045	#FFFFFF	1171
4046	#FFFFFF	1171
4047	#FFFFFF	1171
4048	#FFFFFF	1171
4049	#FFFFFF	1171
4050	#FFFFFF	313
4051	#FFFFFF	313
4052	#FFFFFF	313
4053	#FFFFFF	313
4054	#FFFFFF	563
4055	#FFFFFF	313
4056	#FFFFFF	1171
4057	#FFFFFF	1171
4058	#FFFFFF	313
4059	#FFFFFF	313
4060	#FFFFFF	313
4061	#FFFFFF	313
4062	#FFFFFF	313
4063	#FFFFFF	313
4064	#FFFFFF	1823
4065	#FFFFFF	1171
4066	#FFFFFF	1823
4067	#FFFFFF	313
4068	#FFFFFF	313
4069	#FFFFFF	313
4070	#FFFFFF	72
4071	#FFFFFF	72
4072	#FFFFFF	72
4073	#FFFFFF	196
4074	#FFFFFF	196
4075	#FFFFFF	196
4076	#FFFFFF	1171
4077	#FFFFFF	196
4078	#FFFFFF	196
4079	#FFFFFF	196
4080	#FFFFFF	196
4081	#FFFFFF	196
4082	#FFFFFF	196
4083	#FFFFFF	196
4084	#FFFFFF	196
4085	#FFFFFF	196
4086	#FFFFFF	196
4087	#FFFFFF	1171
4088	#FFFFFF	1171
4089	#FFFFFF	563
4090	#FFFFFF	1171
4091	#FFFFFF	313
4093	#FFFFFF	563
4094	#FFFFFF	563
4095	#FFFFFF	1171
4096	#FFFFFF	1171
4097	#FFFFFF	1171
4098	#FFFFFF	1171
4099	#FFFFFF	1171
4100	#FFFFFF	313
4101	#FFFFFF	313
4102	#FFFFFF	1171
4103	#FFFFFF	1171
4104	#FFFFFF	1171
4105	#FFFFFF	1171
4106	#FFFFFF	313
4107	#FFFFFF	1171
4108	#FFFFFF	313
4109	#FFFFFF	313
4110	#FFFFFF	313
4111	#FFFFFF	313
4112	#FFFFFF	313
4113	#FFFFFF	1823
4114	#FFFFFF	313
4115	#FFFFFF	1823
4116	#FFFFFF	563
4117	#FFFFFF	1823
4118	#FFFFFF	313
4119	#FFFFFF	313
4120	#FFFFFF	313
4121	#FFFFFF	72
4122	#FFFFFF	72
4123	#FFFFFF	72
4124	#FFFFFF	196
4125	#FFFFFF	196
4126	#FFFFFF	196
4127	#FFFFFF	1171
4128	#FFFFFF	196
4129	#FFFFFF	196
4130	#FFFFFF	196
4131	#FFFFFF	196
4132	#FFFFFF	196
4133	#FFFFFF	196
4134	#FFFFFF	196
4135	#FFFFFF	196
4136	#FFFFFF	196
4137	#FFFFFF	1171
4138	#FFFFFF	563
4139	#FFFFFF	1171
4140	#FFFFFF	1171
4141	#FFFFFF	313
4143	#FFFFFF	563
4144	#FFFFFF	563
4145	#FFFFFF	1171
4146	#FFFFFF	1171
4147	#FFFFFF	1171
4148	#FFFFFF	1171
4149	#FFFFFF	1171
4150	#FFFFFF	1171
4151	#FFFFFF	313
4152	#FFFFFF	313
4153	#FFFFFF	1171
4154	#FFFFFF	1171
4155	#FFFFFF	1171
4156	#FFFFFF	1171
4157	#FFFFFF	1171
4158	#FFFFFF	1171
4159	#FFFFFF	313
4160	#FFFFFF	313
4161	#FFFFFF	313
4162	#FFFFFF	313
4163	#FFFFFF	313
4164	#FFFFFF	1823
4165	#FFFFFF	1823
4166	#FFFFFF	1171
4167	#FFFFFF	1823
4168	#FFFFFF	313
4169	#FFFFFF	313
4170	#FFFFFF	313
4171	#FFFFFF	72
4172	#FFFFFF	72
4173	#FFFFFF	72
4174	#FFFFFF	72
4175	#FFFFFF	196
4176	#FFFFFF	196
4177	#FFFFFF	563
4178	#FFFFFF	196
4179	#FFFFFF	196
4180	#FFFFFF	196
4181	#FFFFFF	196
4182	#FFFFFF	196
4183	#FFFFFF	196
4184	#FFFFFF	72
4185	#FFFFFF	196
4186	#FFFFFF	196
4187	#FFFFFF	196
4188	#FFFFFF	563
4189	#FFFFFF	563
4190	#FFFFFF	563
4191	#FFFFFF	563
4192	#FFFFFF	1171
4194	#FFFFFF	563
4195	#FFFFFF	1171
4196	#FFFFFF	1171
4197	#FFFFFF	1171
4198	#FFFFFF	1171
4199	#FFFFFF	1171
4200	#FFFFFF	1171
4201	#FFFFFF	313
4202	#FFFFFF	313
4203	#FFFFFF	1171
4204	#FFFFFF	1171
4205	#FFFFFF	1171
4206	#FFFFFF	1171
4207	#FFFFFF	1171
4208	#FFFFFF	1171
4209	#FFFFFF	313
4210	#FFFFFF	313
4211	#FFFFFF	313
4212	#FFFFFF	313
4213	#FFFFFF	313
4214	#FFFFFF	313
4215	#FFFFFF	1823
4216	#FFFFFF	1823
4217	#FFFFFF	563
4218	#FFFFFF	1823
4219	#FFFFFF	313
4220	#FFFFFF	313
4221	#FFFFFF	72
4222	#FFFFFF	313
4223	#FFFFFF	72
4224	#FFFFFF	72
4225	#FFFFFF	72
4226	#FFFFFF	72
4227	#FFFFFF	196
4228	#FFFFFF	563
4229	#FFFFFF	72
4230	#FFFFFF	196
4231	#FFFFFF	196
4232	#FFFFFF	196
4233	#FFFFFF	196
4234	#FFFFFF	72
4235	#FFFFFF	196
4236	#FFFFFF	196
4237	#FFFFFF	196
4238	#FFFFFF	563
4239	#FFFFFF	563
4240	#FFFFFF	563
4241	#FFFFFF	1171
4242	#FFFFFF	1171
4244	#FFFFFF	563
4245	#FFFFFF	1171
4246	#FFFFFF	1171
4247	#FFFFFF	1171
4248	#FFFFFF	1171
4249	#FFFFFF	1171
4250	#FFFFFF	1171
4251	#FFFFFF	313
4252	#FFFFFF	313
4253	#FFFFFF	1171
4254	#FFFFFF	1171
4255	#FFFFFF	1171
4256	#FFFFFF	563
4257	#FFFFFF	1171
4258	#FFFFFF	1171
4259	#FFFFFF	313
4260	#FFFFFF	313
4261	#FFFFFF	313
4262	#FFFFFF	313
4263	#FFFFFF	313
4264	#FFFFFF	313
4265	#FFFFFF	313
4266	#FFFFFF	1823
4267	#FFFFFF	563
4268	#FFFFFF	1823
4269	#FFFFFF	313
4270	#FFFFFF	313
4271	#FFFFFF	72
4272	#FFFFFF	313
4273	#FFFFFF	313
4274	#FFFFFF	72
4275	#FFFFFF	72
4276	#FFFFFF	72
4277	#FFFFFF	72
4278	#FFFFFF	563
4279	#FFFFFF	72
4280	#FFFFFF	72
4281	#FFFFFF	72
4282	#FFFFFF	196
4283	#FFFFFF	196
4284	#FFFFFF	72
4285	#FFFFFF	196
4286	#FFFFFF	196
4287	#FFFFFF	196
4288	#FFFFFF	196
4289	#FFFFFF	563
4290	#FFFFFF	563
4291	#FFFFFF	563
4292	#FFFFFF	563
4293	#FFFFFF	563
4295	#FFFFFF	563
4296	#FFFFFF	563
4297	#FFFFFF	1171
4298	#FFFFFF	1171
4299	#FFFFFF	1171
4300	#FFFFFF	1171
4301	#FFFFFF	1171
4302	#FFFFFF	313
4303	#FFFFFF	313
4304	#FFFFFF	1171
4305	#FFFFFF	1171
4306	#FFFFFF	1171
4307	#FFFFFF	563
4308	#FFFFFF	1171
4309	#FFFFFF	1171
4310	#FFFFFF	313
4311	#FFFFFF	313
4312	#FFFFFF	313
4313	#FFFFFF	313
4314	#FFFFFF	313
4315	#FFFFFF	313
4316	#FFFFFF	313
4317	#FFFFFF	1823
4318	#FFFFFF	563
4319	#FFFFFF	1823
4320	#FFFFFF	313
4321	#FFFFFF	313
4322	#FFFFFF	313
4323	#FFFFFF	72
4324	#FFFFFF	72
4325	#FFFFFF	313
4326	#FFFFFF	72
4327	#FFFFFF	72
4328	#FFFFFF	72
4329	#FFFFFF	563
4330	#FFFFFF	72
4331	#FFFFFF	72
4332	#FFFFFF	72
4333	#FFFFFF	72
4334	#FFFFFF	72
4335	#FFFFFF	72
4336	#FFFFFF	196
4337	#FFFFFF	196
4338	#FFFFFF	72
4339	#FFFFFF	563
4340	#FFFFFF	563
4341	#FFFFFF	563
4342	#FFFFFF	563
4343	#FFFFFF	1171
4345	#FFFFFF	563
4346	#FFFFFF	563
4347	#FFFFFF	1171
4348	#FFFFFF	1171
4349	#FFFFFF	563
4350	#FFFFFF	563
4351	#FFFFFF	563
4352	#FFFFFF	1171
4353	#FFFFFF	313
4354	#FFFFFF	1171
4355	#FFFFFF	1171
4356	#FFFFFF	1171
4357	#FFFFFF	563
4358	#FFFFFF	1171
4359	#FFFFFF	1171
4360	#FFFFFF	313
4361	#FFFFFF	313
4362	#FFFFFF	313
4363	#FFFFFF	313
4364	#FFFFFF	313
4365	#FFFFFF	313
4366	#FFFFFF	313
4367	#FFFFFF	1823
4368	#FFFFFF	563
4369	#FFFFFF	1823
4370	#FFFFFF	313
4371	#FFFFFF	313
4372	#FFFFFF	313
4373	#FFFFFF	72
4374	#FFFFFF	72
4375	#FFFFFF	313
4376	#FFFFFF	313
4377	#FFFFFF	72
4378	#FFFFFF	72
4379	#FFFFFF	563
4380	#FFFFFF	72
4381	#FFFFFF	72
4382	#FFFFFF	72
4383	#FFFFFF	72
4384	#FFFFFF	72
4385	#FFFFFF	72
4386	#FFFFFF	72
4387	#FFFFFF	196
4388	#FFFFFF	72
4389	#FFFFFF	72
4390	#FFFFFF	563
4391	#FFFFFF	563
4392	#FFFFFF	563
4393	#FFFFFF	563
4394	#FFFFFF	1171
4396	#FFFFFF	563
4397	#FFFFFF	563
4398	#FFFFFF	1171
4399	#FFFFFF	563
4400	#FFFFFF	563
4401	#FFFFFF	563
4402	#FFFFFF	563
4403	#FFFFFF	1171
4404	#FFFFFF	313
4405	#FFFFFF	313
4406	#FFFFFF	1171
4407	#FFFFFF	1171
4408	#FFFFFF	563
4409	#FFFFFF	1171
4410	#FFFFFF	1171
4411	#FFFFFF	313
4412	#FFFFFF	313
4413	#FFFFFF	1171
4414	#FFFFFF	313
4415	#FFFFFF	313
4416	#FFFFFF	313
4417	#FFFFFF	313
4418	#FFFFFF	1823
4419	#FFFFFF	563
4420	#FFFFFF	1823
4421	#FFFFFF	313
4422	#FFFFFF	313
4423	#FFFFFF	72
4424	#FFFFFF	313
4425	#FFFFFF	313
4426	#FFFFFF	313
4427	#FFFFFF	72
4428	#FFFFFF	72
4429	#FFFFFF	72
4430	#FFFFFF	563
4431	#FFFFFF	6116
4432	#FFFFFF	72
4433	#FFFFFF	72
4434	#FFFFFF	72
4435	#FFFFFF	72
4436	#FFFFFF	72
4437	#FFFFFF	72
4438	#FFFFFF	72
4439	#FFFFFF	72
4440	#FFFFFF	563
4441	#FFFFFF	563
4442	#FFFFFF	563
4443	#FFFFFF	1171
4444	#FFFFFF	563
4446	#FFFFFF	563
4447	#FFFFFF	563
4448	#FFFFFF	563
4449	#FFFFFF	1171
4450	#FFFFFF	563
4451	#FFFFFF	563
4452	#FFFFFF	1171
4453	#FFFFFF	1171
4454	#FFFFFF	1171
4455	#FFFFFF	313
4456	#FFFFFF	313
4457	#FFFFFF	1171
4458	#FFFFFF	563
4459	#FFFFFF	1171
4460	#FFFFFF	1171
4461	#FFFFFF	1171
4462	#FFFFFF	313
4463	#FFFFFF	1171
4464	#FFFFFF	313
4465	#FFFFFF	313
4466	#FFFFFF	313
4467	#FFFFFF	313
4468	#FFFFFF	313
4469	#FFFFFF	563
4470	#FFFFFF	1823
4471	#FFFFFF	313
4472	#FFFFFF	313
4473	#FFFFFF	313
4474	#FFFFFF	72
4475	#FFFFFF	313
4476	#FFFFFF	313
4477	#FFFFFF	72
4478	#FFFFFF	72
4479	#FFFFFF	72
4480	#FFFFFF	563
4481	#FFFFFF	72
4482	#FFFFFF	72
4483	#FFFFFF	72
4484	#FFFFFF	72
4485	#FFFFFF	72
4486	#FFFFFF	72
4487	#FFFFFF	72
4488	#FFFFFF	72
4489	#FFFFFF	72
4490	#FFFFFF	72
4491	#FFFFFF	563
4492	#FFFFFF	563
4493	#FFFFFF	563
4494	#FFFFFF	1171
4495	#FFFFFF	563
4497	#FFFFFF	563
4498	#FFFFFF	563
4499	#FFFFFF	563
4500	#FFFFFF	1171
4501	#FFFFFF	563
4502	#FFFFFF	563
4503	#FFFFFF	1171
4504	#FFFFFF	1171
4505	#FFFFFF	313
4506	#FFFFFF	1171
4507	#FFFFFF	313
4508	#FFFFFF	1171
4509	#FFFFFF	563
4510	#FFFFFF	1171
4511	#FFFFFF	1171
4512	#FFFFFF	1171
4513	#FFFFFF	1171
4514	#FFFFFF	1171
4515	#FFFFFF	313
4516	#FFFFFF	313
4517	#FFFFFF	313
4518	#FFFFFF	313
4519	#FFFFFF	1823
4520	#FFFFFF	563
4521	#FFFFFF	1823
4522	#FFFFFF	313
4523	#FFFFFF	313
4524	#FFFFFF	313
4525	#FFFFFF	72
4526	#FFFFFF	72
4527	#FFFFFF	313
4528	#FFFFFF	313
4529	#FFFFFF	72
4530	#FFFFFF	72
4531	#FFFFFF	563
4532	#FFFFFF	72
4533	#FFFFFF	72
4534	#FFFFFF	72
4535	#FFFFFF	72
4536	#FFFFFF	72
4537	#FFFFFF	72
4538	#FFFFFF	72
4539	#FFFFFF	196
4540	#FFFFFF	196
4541	#FFFFFF	563
4542	#FFFFFF	563
4543	#FFFCFD	311
4544	#FFFFFF	1171
4545	#FFFFFF	563
4547	#FFFFFF	313
4548	#FFFFFF	313
4549	#FFFFFF	313
4550	#FFFFFF	313
4551	#FFFFFF	2924
4552	#FFFFFF	2924
4553	#FFFFFF	2924
4554	#FFFFFF	313
4555	#FFFFFF	313
4556	#FFFFFF	313
4557	#FFFFFF	313
4558	#FFFFFF	313
4559	#FFFFFF	313
4560	#FFFFFF	313
4561	#FFFFFF	313
4562	#FFFFFF	368
4563	#FFFFFF	368
4564	#FFFFFF	368
4565	#FFFFFF	368
4566	#FFFFFF	368
4567	#FFFFFF	3189
4568	#FFFFFF	3189
4569	#FFFFFF	3189
4570	#FFFFFF	1171
4571	#FFFFFF	313
4572	#FFFFFF	313
4573	#FFFFFF	313
4574	#FFFFFF	72
4575	#FFFFFF	72
4576	#FFFFFF	72
4577	#FFFFFF	72
4578	#FFFFFF	72
4579	#FFFFFF	72
4580	#FFFFFF	72
4581	#FFFFFF	313
4582	#FFFFFF	72
4583	#FFFFFF	72
4584	#FFFFFF	196
4585	#FFFFFF	196
4586	#FFFFFF	196
4587	#FFFFFF	196
4588	#FFFFFF	196
4589	#FFFFFF	196
4590	#FFFFFF	196
4591	#FFFFFF	196
4592	#FFFFFF	313
4593	#FFFFFF	313
4594	#FFFFFF	313
4595	#FFFFFF	313
4596	#FFFFFF	313
4598	#FFFFFF	313
4599	#FFFFFF	313
4600	#FFFFFF	313
4601	#FFFFFF	313
4602	#FFFFFF	2924
4603	#FFFFFF	2924
4604	#FFFFFF	2924
4605	#FFFFFF	313
4606	#FFFFFF	313
4607	#FFFFFF	313
4608	#FFFFFF	313
4609	#FFFFFF	313
4610	#FFFFFF	1171
4611	#FFFFFF	368
4612	#FFFFFF	368
4613	#FFFFFF	368
4614	#FFFFFF	368
4615	#FFFFFF	368
4616	#FFFFFF	368
4617	#FFFFFF	368
4618	#FFFFFF	3189
4619	#FFFFFF	3189
4620	#FFFFFF	3189
4621	#FFFFFF	313
4622	#FFFFFF	313
4623	#FFFFFF	72
4624	#FFFFFF	72
4625	#FFFFFF	72
4626	#FFFFFF	72
4627	#FFFFFF	72
4628	#FFFFFF	72
4629	#FFFFFF	72
4630	#FFFFFF	72
4631	#FFFFFF	72
4632	#FFFFFF	313
4633	#FFFFFF	72
4634	#FFFFFF	196
4635	#FFFFFF	196
4636	#FFFFFF	196
4637	#FFFFFF	196
4638	#FFFFFF	196
4639	#FFFFFF	196
4640	#FFFFFF	196
4641	#FFFFFF	196
4642	#FFFFFF	313
4643	#FFFFFF	313
4644	#FFFFFF	313
4645	#FFFFFF	313
4646	#FFFFFF	313
4648	#FFFFFF	313
4649	#FFFFFF	313
4650	#FFFFFF	313
4651	#FFFFFF	313
4652	#FFFFFF	313
4653	#FFFFFF	2924
4654	#FFFFFF	2924
4655	#FFFFFF	2924
4656	#FFFFFF	2924
4657	#FFFFFF	313
4658	#FFFFFF	313
4659	#FFFFFF	313
4660	#FFFFFF	313
4661	#FFFFFF	313
4662	#FFFFFF	368
4663	#FFFFFF	368
4664	#FFFFFF	368
4665	#FFFFFF	368
4666	#FFFFFF	368
4667	#FFFFFF	368
4668	#FFFFFF	3189
4669	#FFFFFF	368
4670	#FFFFFF	368
4671	#FFFFFF	313
4672	#FFFFFF	313
4673	#FFFFFF	72
4674	#FFFFFF	72
4675	#FFFFFF	72
4676	#FFFFFF	72
4677	#FFFFFF	72
4678	#FFFFFF	72
4679	#FFFFFF	72
4680	#FFFFFF	72
4681	#FFFFFF	72
4682	#FFFFFF	313
4683	#FFFFFF	72
4684	#FFFFFF	196
4685	#FFFFFF	196
4686	#FFFFFF	196
4687	#FFFFFF	196
4688	#FFFFFF	196
4689	#FFFFFF	196
4690	#FFFFFF	196
4691	#FFFFFF	196
4692	#FFFFFF	196
4693	#FFFFFF	313
4694	#FFFFFF	313
4695	#FFFFFF	313
4696	#FFFFFF	313
4697	#FFFFFF	313
4699	#FFFFFF	313
4700	#FFFFFF	313
4701	#FFFFFF	521
4702	#FFFFFF	521
4703	#FFFFFF	313
4704	#FFFFFF	2924
4705	#FFFFFF	521
4706	#FFFFFF	2924
4707	#FFFFFF	313
4708	#FFFFFF	313
4709	#FFFFFF	313
4710	#FFFFFF	313
4711	#FFFFFF	313
4712	#FFFFFF	368
4713	#FFFFFF	368
4714	#FFFFFF	368
4715	#FFFFFF	368
4716	#FFFFFF	368
4717	#FFFFFF	368
4718	#FFFFFF	368
4719	#FFFFFF	368
4720	#FFFFFF	368
4721	#FFFFFF	72
4722	#FFFFFF	313
4723	#FFFFFF	313
4724	#FFFFFF	72
4725	#FFFFFF	72
4726	#FFFFFF	72
4727	#FFFFFF	72
4728	#FFFFFF	72
4729	#FFFFFF	72
4730	#FFFFFF	72
4731	#FFFFFF	72
4732	#FFFFFF	368
4733	#FFFFFF	313
4734	#FFFFFF	72
4735	#FFFFFF	196
4736	#FFFFFF	196
4737	#FFFFFF	196
4738	#FFFFFF	196
4739	#FFFFFF	196
4740	#FFFFFF	196
4741	#FFFFFF	196
4742	#FFFFFF	196
4743	#FFFFFF	313
4744	#FFFFFF	313
4745	#FFFFFF	313
4746	#FFFFFF	313
4747	#FFFFFF	313
4749	#FFFFFF	313
4750	#FFFFFF	313
4751	#FFFFFF	313
4752	#FFFFFF	521
4753	#FFFFFF	521
4754	#FFFFFF	313
4755	#FFFFFF	521
4756	#FFFFFF	2924
4757	#FFFFFF	313
4758	#FFFFFF	313
4759	#FFFFFF	313
4760	#FFFFFF	313
4761	#FFFFFF	313
4762	#FFFFFF	368
4763	#FFFFFF	368
4764	#FFFFFF	368
4765	#FFFFFF	368
4766	#FFFFFF	368
4767	#FFFFFF	368
4768	#FFFFFF	368
4769	#FFFFFF	368
4770	#FFFFFF	368
4771	#FFFFFF	368
4772	#FFFFFF	313
4773	#FFFFFF	72
4774	#FFFFFF	72
4775	#FFFFFF	72
4776	#FFFFFF	72
4777	#FFFFFF	72
4778	#FFFFFF	72
4779	#FFFFFF	72
4780	#FFFFFF	72
4781	#FFFFFF	72
4782	#FFFFFF	72
4783	#FFFFFF	313
4784	#FFFFFF	368
4785	#FFFFFF	72
4786	#FFFFFF	196
4787	#FFFFFF	196
4788	#FFFFFF	196
4789	#FFFFFF	196
4790	#FFFFFF	196
4791	#FFFFFF	196
4792	#FFFFFF	196
4793	#FFFFFF	196
4794	#FFFFFF	313
4795	#FFFFFF	313
4796	#FFFFFF	313
4797	#FFFFFF	313
4798	#FFFFFF	313
4800	#FFFFFF	313
4801	#FFFFFF	313
4802	#FFFFFF	521
4803	#FFFFFF	521
4804	#FFFFFF	521
4805	#FFFFFF	521
4806	#FFFFFF	521
4807	#FFFFFF	2924
4808	#FFFFFF	2924
4809	#FFFFFF	313
4810	#FFFFFF	313
4811	#FFFFFF	313
4812	#FFFFFF	313
4813	#FFFFFF	368
4814	#FFFFFF	368
4815	#FFFFFF	368
4816	#FFFFFF	368
4817	#FFFFFF	368
4818	#FFFFFF	368
4819	#FFFFFF	368
4820	#FFFFFF	368
4821	#FFFFFF	368
4822	#FFFFFF	368
4823	#FFFFFF	313
4824	#FFFFFF	72
4825	#FFFFFF	368
4826	#FFFFFF	72
4827	#FFFFFF	72
4828	#FFFFFF	368
4829	#FFFFFF	72
4830	#FFFFFF	72
4831	#FFFFFF	72
4832	#FFFFFF	72
4833	#FFFFFF	368
4834	#FFFFFF	313
4835	#FFFFFF	72
4836	#FFFFFF	72
4837	#FFFFFF	196
4838	#FFFFFF	196
4839	#FFFFFF	196
4840	#FFFFFF	196
4841	#FFFFFF	196
4842	#FFFFFF	196
4843	#FFFFFF	196
4844	#FFFFFF	313
4845	#FFFFFF	313
4846	#FFFFFF	313
4847	#FFFFFF	313
4848	#FFFFFF	313
4850	#FFFFFF	313
4851	#FFFFFF	313
4852	#FFFFFF	313
4853	#FFFFFF	521
4854	#FFFFFF	521
4855	#FFFFFF	521
4856	#FFFFFF	521
4857	#FFFFFF	521
4858	#FFFFFF	2924
4859	#FFFFFF	2924
4860	#FFFFFF	368
4861	#FFFFFF	313
4862	#FFFFFF	313
4863	#FFFFFF	368
4864	#FFFFFF	368
4865	#FFFFFF	368
4866	#FFFFFF	368
4867	#FFFFFF	368
4868	#FFFFFF	368
4869	#FFFFFF	368
4870	#FFFFFF	368
4871	#FFFFFF	368
4872	#FFFFFF	368
4873	#FFFFFF	313
4874	#FFFFFF	368
4875	#FFFFFF	368
4876	#FFFFFF	368
4877	#FFFFFF	72
4878	#FFFFFF	368
4879	#FFFFFF	72
4880	#FFFFFF	72
4881	#FFFFFF	72
4882	#FFFFFF	72
4883	#FFFFFF	368
4884	#FFFFFF	313
4885	#FFFFFF	368
4886	#FFFFFF	368
4887	#FFFFFF	196
4888	#FFFFFF	196
4889	#FFFFFF	196
4890	#FFFFFF	196
4891	#FFFFFF	196
4892	#FFFFFF	196
4893	#FFFFFF	196
4894	#FFFFFF	196
4895	#FFFFFF	313
4896	#FFFFFF	313
4897	#FFFFFF	521
4898	#FFFFFF	521
4899	#FFFFFF	521
4901	#FFFFFF	313
4902	#FFFFFF	313
4903	#FFFFFF	313
4904	#FFFFFF	521
4905	#FFFFFF	521
4906	#FFFFFF	521
4907	#FFFFFF	521
4908	#FFFFFF	521
4909	#FFFFFF	521
4910	#FFFFFF	368
4911	#FFFFFF	368
4912	#FFFFFF	368
4913	#FFFFFF	313
4914	#FFFFFF	368
4915	#FFFFFF	368
4916	#FFFFFF	368
4917	#FFFFFF	368
4918	#FFFFFF	368
4919	#FFFFFF	368
4920	#FFFFFF	368
4921	#FFFFFF	368
4922	#FFFFFF	368
4923	#FFFFFF	368
4924	#FFFFFF	313
4925	#FFFFFF	368
4926	#FFFFFF	368
4927	#FFFFFF	368
4928	#FFFFFF	368
4929	#FFFFFF	72
4930	#FFFFFF	368
4931	#FFFFFF	72
4932	#FFFFFF	72
4933	#FFFFFF	368
4934	#FFFFFF	368
4935	#FFFFFF	313
4936	#FFFFFF	368
4937	#FFFFFF	4307
4938	#FFFFFF	4307
4939	#FFFFFF	196
4940	#FFFFFF	196
4941	#FFFFFF	196
4942	#FFFFFF	196
4943	#FFFFFF	196
4944	#FFFFFF	196
4945	#FFFFFF	313
4946	#FFFFFF	313
4947	#FFFFFF	521
4948	#FFFFFF	521
4949	#FFFFFF	521
4951	#FFFFFF	313
4952	#FFFFFF	313
4953	#FFFFFF	521
4954	#FFFFFF	521
4955	#FFFFFF	521
4956	#FFFFFF	521
4957	#FFFFFF	521
4958	#FFFFFF	521
4959	#FFFFFF	521
4960	#FFFFFF	521
4961	#FFFFFF	368
4962	#FFFFFF	368
4963	#FFFFFF	313
4964	#FFFFFF	368
4965	#FFFFFF	368
4966	#FFFFFF	368
4967	#FFFFFF	368
4968	#FFFFFF	368
4969	#FFFFFF	368
4970	#FFFFFF	368
4971	#FFFFFF	368
4972	#FFFFFF	368
4973	#FFFFFF	368
4974	#FFFFFF	313
4975	#FFFFFF	368
4976	#FFFFFF	368
4977	#FFFFFF	368
4978	#FFFFFF	368
4979	#FFFFFF	368
4980	#FFFFFF	368
4981	#FFFFFF	72
4982	#FFFFFF	368
4983	#FFFFFF	72
4984	#FFFFFF	368
4985	#FFFFFF	313
4986	#FFFFFF	368
4987	#FFFFFF	4307
4988	#FFFFFF	4307
4989	#FFFFFF	196
4990	#FFFFFF	196
4991	#FFFFFF	196
4992	#FFFFFF	196
4993	#FFFFFF	196
4994	#FFFFFF	196
4995	#FFFFFF	368
4996	#FFFFFF	313
4997	#FFFFFF	313
4998	#FFFFFF	521
4999	#FFFFFF	521
5000	#FFFFFF	521
5002	#FFFFFF	313
5003	#FFFFFF	313
5004	#FFFFFF	521
5005	#FFFFFF	521
5006	#FFFFFF	521
5007	#FFFFFF	521
5008	#FFFFFF	521
5009	#FFFFFF	521
5010	#FFFFFF	521
5011	#FFFFFF	368
5012	#FFFFFF	368
5013	#FFFFFF	368
5014	#FFFFFF	313
5015	#FFFFFF	368
5016	#FFFFFF	368
5017	#FFFFFF	368
5018	#FFFFFF	368
5019	#FFFFFF	368
5020	#FFFFFF	368
5021	#FFFFFF	368
5022	#FFFFFF	368
5023	#FFFFFF	368
5024	#FFFFFF	368
5025	#FFFFFF	313
5026	#FFFFFF	368
5027	#FFFFFF	368
5028	#FFFFFF	368
5029	#FFFFFF	368
5030	#FFFFFF	368
5031	#FFFFFF	368
5032	#FFFFFF	72
5033	#FFFFFF	368
5034	#FFFFFF	368
5035	#FFFFFF	368
5036	#FFFFFF	521
5037	#FFFFFF	368
5038	#FFFFFF	4307
5039	#FFFFFF	4307
5040	#FFFFFF	4307
5041	#FFFFFF	196
5042	#FFFFFF	196
5043	#FFFFFF	196
5044	#FFFFFF	196
5045	#FFFFFF	368
5046	#FFFFFF	313
5047	#FFFFFF	521
5048	#FFFFFF	521
5049	#FFFFFF	521
5050	#FFFFFF	521
