group	x	y	clickSelects
9309	-44.75	48.25	87
9309	-44.75	48.75	87
9309	-44.25	49.25	87
9309	-42.75	49.25	87
9309	-41.75	48.25	87
9309	-41.75	47.75	87
9309	-42.25	47.25	87
9309	-42.25	46.25	87
9309	-43.25	46.25	87
9309	-43.25	44.75	87
9309	-42.75	44.75	87
9309	-41.25	46.25	87
9309	-39.75	46.25	87
9309	-39.75	45.25	87
9309	-38.75	44.25	87
9309	-38.25	44.25	87
9309	-37.75	44.75	87
9309	-37.75	45.25	87
9309	-38.75	45.25	87
9309	-38.75	45.75	87
9309	-38.25	46.25	87
9309	-38.25	46.75	87
9309	-39.25	46.75	87
9309	-39.25	47.75	87
9309	-40.25	47.75	87
9309	-40.25	48.25	87
9309	-39.25	49.25	87
9309	-37.75	49.25	87
9309	-36.75	48.25	87
9309	-36.75	47.75	87
9309	-37.25	47.25	87
9309	-37.25	45.75	87
9309	-36.75	45.75	87
9309	-36.25	46.25	87
9309	-34.75	46.25	87
9309	-34.25	45.75	87
9309	-34.25	45.25	87
9309	-35.25	44.25	87
9309	-35.25	43.75	87
9309	-34.75	43.75	87
9309	-34.25	44.25	87
9309	-33.75	44.25	87
9309	-33.25	43.75	87
9309	-33.25	43.25	87
9309	-33.75	42.75	87
9309	-33.75	42.25	87
9309	-32.75	41.25	87
9309	-32.75	40.75	87
9309	-33.25	40.75	87
9309	-34.25	41.75	87
9309	-34.75	41.75	87
9309	-35.25	41.25	87
9309	-36.25	41.25	87
9309	-36.75	40.75	87
9309	-36.75	40.25	87
9309	-35.75	40.25	87
9309	-35.75	39.75	87
9309	-36.25	39.25	87
9309	-36.25	38.75	87
9309	-33.75	38.75	87
9309	-32.75	39.75	87
9309	-32.25	39.75	87
9309	-31.25	38.75	87
9309	-30.75	38.75	87
9309	-30.75	39.75	87
9309	-30.25	39.75	87
9309	-29.75	39.25	87
9309	-29.25	39.25	87
9309	-28.75	39.75	87
9309	-28.75	40.25	87
9309	-29.75	40.25	87
9309	-29.75	40.75	87
9309	-29.25	41.25	87
9309	-29.25	41.75	87
9309	-29.75	42.25	87
9309	-29.75	43.25	87
9309	-30.75	44.25	87
9309	-31.25	44.25	87
9309	-31.75	43.75	87
9309	-32.25	43.75	87
9309	-33.25	44.75	87
9309	-33.25	45.25	87
9309	-32.25	45.25	87
9309	-32.25	45.75	87
9309	-32.75	46.25	87
9309	-33.75	46.25	87
9309	-33.75	46.75	87
9309	-32.25	48.25	87
9309	-31.75	48.25	87
9309	-31.25	47.75	87
9309	-31.25	47.25	87
9309	-32.25	47.25	87
9309	-32.25	46.75	87
9309	-31.75	46.25	87
9309	-30.25	46.25	87
9309	-29.75	46.75	87
9309	-29.75	47.75	87
9309	-28.25	47.75	87
9309	-27.75	47.25	87
9309	-27.75	46.25	87
9309	-27.25	45.75	87
9309	-26.75	45.75	87
9309	-26.25	46.25	87
9309	-25.25	46.25	87
9309	-25.25	46.75	87
9309	-25.75	47.25	87
9309	-25.75	47.75	87
9309	-23.25	47.75	87
9309	-23.25	46.75	87
9309	-22.75	46.25	87
9309	-22.75	44.75	87
9309	-23.25	44.75	87
9309	-23.75	45.25	87
9309	-24.25	45.25	87
9309	-25.25	44.25	87
9309	-25.25	43.25	87
9309	-25.75	42.75	87
9309	-25.75	40.25	87
9309	-25.25	39.75	87
9309	-25.25	38.75	87
9309	-24.25	37.75	87
9309	-23.75	37.75	87
9309	-23.25	38.25	87
9309	-22.75	38.25	87
9309	-22.75	37.75	87
9309	-23.25	37.25	87
9309	-23.25	36.75	87
9309	-22.25	36.75	87
9309	-22.25	36.25	87
9309	-23.75	34.75	87
9309	-24.25	34.75	87
9309	-24.25	36.75	87
9309	-24.75	36.75	87
9309	-25.25	36.25	87
9309	-25.75	36.25	87
9309	-26.25	36.75	87
9309	-26.75	36.75	87
9309	-26.75	36.25	87
9309	-26.25	35.75	87
9309	-26.25	35.25	87
9309	-27.25	35.25	87
9309	-27.25	34.75	87
9309	-26.75	34.25	87
9309	-25.75	34.25	87
9309	-25.25	33.75	87
9309	-25.25	32.75	87
9309	-24.75	32.25	87
9309	-23.75	32.25	87
9309	-22.75	31.25	87
9309	-22.75	30.75	87
9309	-23.25	30.75	87
9309	-23.75	31.25	87
9309	-24.25	31.25	87
9309	-24.75	30.75	87
9309	-25.25	30.75	87
9309	-25.25	31.75	87
9309	-25.75	31.75	87
9309	-26.25	31.25	87
9309	-26.75	31.25	87
9309	-27.25	31.75	87
9309	-27.75	31.75	87
9309	-29.25	30.25	87
9309	-29.75	30.25	87
9309	-29.75	30.75	87
9309	-29.25	31.25	87
9309	-29.25	31.75	87
9309	-30.25	31.75	87
9309	-30.75	32.25	87
9309	-31.75	32.25	87
9309	-31.75	32.75	87
9309	-31.25	33.25	87
9309	-29.75	33.25	87
9309	-28.75	32.25	87
9309	-28.25	32.25	87
9309	-27.75	32.75	87
9309	-27.75	34.25	87
9309	-28.75	35.25	87
9309	-29.25	35.25	87
9309	-29.25	34.75	87
9309	-28.75	34.25	87
9309	-28.75	33.75	87
9309	-29.25	33.75	87
9309	-29.75	34.25	87
9309	-29.75	35.25	87
9309	-30.25	35.25	87
9309	-30.25	34.25	87
9309	-30.75	34.25	87
9309	-31.25	34.75	87
9309	-31.25	36.75	87
9309	-31.75	36.75	87
9309	-32.25	36.25	87
9309	-34.25	36.25	87
9309	-34.75	35.75	87
9309	-36.75	35.75	87
9309	-37.75	34.75	87
9309	-38.75	34.75	87
9309	-38.75	34.25	87
9309	-38.25	33.75	87
9309	-37.25	33.75	87
9309	-36.75	33.25	87
9309	-36.75	32.75	87
9309	-37.75	31.75	87
9309	-37.75	31.25	87
9309	-37.25	31.25	87
9309	-36.25	32.25	87
9309	-35.75	32.25	87
9309	-35.75	30.75	87
9309	-36.75	30.75	87
9309	-36.75	30.25	87
9309	-36.25	29.75	87
9309	-36.25	29.25	87
9309	-36.75	29.25	87
9309	-37.25	29.75	87
9309	-37.75	29.75	87
9309	-37.75	28.25	87
9309	-36.25	28.25	87
9309	-35.75	28.75	87
9309	-35.25	28.75	87
9309	-35.25	27.75	87
9309	-34.75	27.25	87
9309	-33.75	27.25	87
9309	-33.75	26.75	87
9309	-34.25	26.25	87
9309	-34.25	24.75	87
9309	-33.75	24.75	87
9309	-32.75	25.75	87
9309	-31.75	25.75	87
9309	-31.75	26.25	87
9309	-32.25	26.75	87
9309	-32.25	28.25	87
9309	-31.75	28.75	87
9309	-31.75	29.75	87
9309	-31.25	29.75	87
9309	-30.75	29.25	87
9309	-29.75	29.25	87
9309	-29.75	27.75	87
9309	-30.75	27.75	87
9309	-31.25	27.25	87
9309	-31.25	26.75	87
9309	-30.75	26.25	87
9309	-30.75	24.75	87
9309	-31.25	24.25	87
9309	-33.25	24.25	87
9309	-33.25	22.75	87
9309	-32.75	22.25	87
9309	-32.75	20.75	87
9309	-33.25	20.75	87
9309	-34.25	21.75	87
9309	-34.25	22.75	87
9309	-34.75	22.75	87
9309	-35.75	21.75	87
9309	-36.75	21.75	87
9309	-37.25	21.25	87
9309	-37.25	20.25	87
9309	-39.25	20.25	87
9309	-39.75	19.75	87
9309	-40.25	19.75	87
9309	-40.25	20.75	87
9309	-40.75	21.25	87
9309	-40.75	21.75	87
9309	-39.75	22.75	87
9309	-39.75	23.25	87
9309	-40.25	23.75	87
9309	-40.75	23.75	87
9309	-40.75	22.75	87
9309	-41.75	21.75	87
9309	-42.25	21.75	87
9309	-42.25	22.75	87
9309	-43.25	22.75	87
9309	-43.25	23.75	87
9309	-44.25	23.75	87
9309	-44.25	24.75	87
9309	-44.75	25.25	87
9309	-44.75	30.75	87
9309	-43.75	30.75	87
9309	-43.25	31.25	87
9309	-43.25	31.75	87
9309	-44.25	31.75	87
9309	-44.25	32.75	87
9309	-44.75	33.25	87
9309	-44.75	33.75	87
9309	-44.25	33.75	87
9309	-43.25	32.75	87
9309	-42.25	32.75	87
9309	-41.75	32.25	87
9309	-41.25	32.25	87
9309	-40.75	32.75	87
9309	-40.75	34.25	87
9309	-41.25	34.75	87
9309	-41.25	37.75	87
9309	-41.75	38.25	87
9309	-42.75	38.25	87
9309	-43.25	38.75	87
9309	-43.25	39.75	87
9309	-43.75	40.25	87
9309	-44.75	40.25	87
9309	-44.75	48.25	87
9317	-41.25	48.75	87
9317	-41.25	49.25	87
9317	-40.75	49.25	87
9317	-40.75	48.75	87
9317	-41.25	48.75	87
9318	-40.25	43.75	87
9318	-40.25	44.25	87
9318	-39.75	44.25	87
9318	-39.75	43.75	87
9318	-40.25	43.75	87
9319	-35.25	48.75	87
9319	-35.25	49.25	87
9319	-34.75	49.25	87
9319	-34.75	48.75	87
9319	-35.25	48.75	87
9320	-31.25	48.75	87
9320	-31.25	49.25	87
9320	-30.75	49.25	87
9320	-30.75	48.75	87
9320	-31.25	48.75	87
9321	-40.25	34.75	87
9321	-40.25	35.25	87
9321	-39.75	35.25	87
9321	-39.75	34.75	87
9321	-40.25	34.75	87
9322	-36.25	24.75	87
9322	-36.25	25.25	87
9322	-35.75	25.25	87
9322	-35.25	24.75	87
9322	-35.25	24.25	87
9322	-35.75	23.75	87
9322	-36.25	23.75	87
9322	-36.25	24.75	87
9323	-35.25	25.75	87
9323	-35.25	26.25	87
9323	-34.75	26.25	87
9323	-34.75	25.75	87
9323	-35.25	25.75	87
7952	-42.25	48.75	6270
7952	-42.25	49.25	6270
7952	-41.75	49.25	6270
7952	-41.25	48.75	6270
7952	-40.75	48.75	6270
7952	-40.25	49.25	6270
7952	-39.75	49.25	6270
7952	-39.75	48.75	6270
7952	-40.25	48.25	6270
7952	-40.25	47.75	6270
7952	-39.25	47.75	6270
7952	-39.25	46.75	6270
7952	-38.25	46.75	6270
7952	-38.25	46.25	6270
7952	-38.75	45.75	6270
7952	-38.75	45.25	6270
7952	-37.75	45.25	6270
7952	-37.75	44.75	6270
7952	-38.25	44.25	6270
7952	-38.75	44.25	6270
7952	-39.75	45.25	6270
7952	-39.75	46.25	6270
7952	-41.25	46.25	6270
7952	-42.75	44.75	6270
7952	-43.25	44.75	6270
7952	-43.25	46.25	6270
7952	-42.25	46.25	6270
7952	-42.25	47.25	6270
7952	-41.75	47.75	6270
7952	-41.75	48.25	6270
7952	-42.25	48.75	6270
1	-37.25	48.75	1
1	-37.25	49.25	1
1	-35.75	49.25	1
1	-35.25	48.75	1
1	-34.75	48.75	1
1	-34.25	49.25	1
1	-31.75	49.25	1
1	-31.25	48.75	1
1	-30.75	48.75	1
1	-30.25	49.25	1
1	-24.75	49.25	1
1	-24.75	47.75	1
1	-25.75	47.75	1
1	-25.75	47.25	1
1	-25.25	46.75	1
1	-25.25	46.25	1
1	-26.25	46.25	1
1	-26.75	45.75	1
1	-27.25	45.75	1
1	-27.75	46.25	1
1	-27.75	47.25	1
1	-28.25	47.75	1
1	-29.75	47.75	1
1	-29.75	46.75	1
1	-30.25	46.25	1
1	-31.75	46.25	1
1	-32.25	46.75	1
1	-32.25	47.25	1
1	-31.25	47.25	1
1	-31.25	47.75	1
1	-31.75	48.25	1
1	-32.25	48.25	1
1	-33.75	46.75	1
1	-33.75	46.25	1
1	-32.75	46.25	1
1	-32.25	45.75	1
1	-32.25	45.25	1
1	-33.25	45.25	1
1	-33.25	44.75	1
1	-32.25	43.75	1
1	-31.75	43.75	1
1	-31.25	44.25	1
1	-30.75	44.25	1
1	-29.75	43.25	1
1	-29.75	42.25	1
1	-29.25	41.75	1
1	-29.25	41.25	1
1	-29.75	40.75	1
1	-29.75	40.25	1
1	-28.75	40.25	1
1	-28.75	39.75	1
1	-29.25	39.25	1
1	-29.75	39.25	1
1	-30.25	39.75	1
1	-30.75	39.75	1
1	-30.75	38.75	1
1	-31.25	38.75	1
1	-32.25	39.75	1
1	-32.75	39.75	1
1	-33.25	39.25	1
1	-34.75	39.25	1
1	-34.75	40.25	1
1	-35.25	40.75	1
1	-35.25	41.25	1
1	-34.75	41.75	1
1	-34.25	41.75	1
1	-33.25	40.75	1
1	-32.75	40.75	1
1	-32.75	41.25	1
1	-33.75	42.25	1
1	-33.75	42.75	1
1	-33.25	43.25	1
1	-33.25	43.75	1
1	-33.75	44.25	1
1	-34.25	44.25	1
1	-34.75	43.75	1
1	-35.25	43.75	1
1	-35.25	44.25	1
1	-34.25	45.25	1
1	-34.25	45.75	1
1	-34.75	46.25	1
1	-36.25	46.25	1
1	-36.75	45.75	1
1	-37.25	45.75	1
1	-37.25	47.25	1
1	-36.75	47.75	1
1	-36.75	48.25	1
1	-37.25	48.75	1
12	-44.75	36.25	1
12	-44.75	36.75	1
12	-44.25	37.25	1
12	-43.75	37.25	1
12	-42.75	36.25	1
12	-42.25	36.25	1
12	-41.75	36.75	1
12	-41.25	36.75	1
12	-41.25	34.75	1
12	-40.75	34.25	1
12	-40.75	32.75	1
12	-41.25	32.25	1
12	-41.75	32.25	1
12	-42.25	32.75	1
12	-43.25	32.75	1
12	-44.75	34.25	1
12	-44.75	36.25	1
22	-44.75	32.25	1
22	-44.75	32.75	1
22	-44.25	32.75	1
22	-44.25	31.75	1
22	-43.25	31.75	1
22	-43.25	31.25	1
22	-43.75	30.75	1
22	-44.25	30.75	1
22	-44.75	31.25	1
22	-44.75	32.25	1
23	-24.25	48.25	1
23	-24.25	47.75	1
23	-23.25	47.75	1
23	-23.25	46.75	1
23	-22.75	46.25	1
23	-22.75	44.75	1
23	-23.25	44.75	1
23	-23.75	45.25	1
23	-24.25	45.25	1
23	-25.25	44.25	1
23	-25.25	43.25	1
23	-25.75	42.75	1
23	-25.75	40.25	1
23	-25.25	39.75	1
23	-25.25	38.75	1
23	-24.25	37.75	1
23	-23.75	37.75	1
23	-23.25	38.25	1
23	-22.75	38.25	1
23	-22.75	37.75	1
23	-23.25	37.25	1
23	-23.25	36.75	1
23	-22.25	36.75	1
23	-22.25	36.25	1
23	-23.75	34.75	1
23	-24.25	34.75	1
23	-24.25	36.75	1
23	-24.75	36.75	1
23	-25.25	36.25	1
23	-25.75	36.25	1
23	-26.25	36.75	1
23	-26.75	36.75	1
23	-26.75	36.25	1
23	-26.25	35.75	1
23	-26.25	35.25	1
23	-27.25	35.25	1
23	-27.25	34.75	1
23	-26.75	34.25	1
23	-25.75	34.25	1
23	-25.25	33.75	1
23	-25.25	32.75	1
23	-24.75	32.25	1
23	-23.75	32.25	1
23	-22.75	31.25	1
23	-21.75	31.25	1
23	-20.25	29.75	1
23	-20.25	29.25	1
23	-20.75	28.75	1
23	-22.75	28.75	1
23	-24.25	27.25	1
23	-24.25	26.75	1
23	-22.75	25.25	1
23	-22.75	24.75	1
23	-23.25	24.25	1
23	-24.75	24.25	1
23	-25.25	24.75	1
23	-26.75	24.75	1
23	-27.75	23.75	1
23	-29.25	23.75	1
23	-29.75	24.25	1
23	-29.75	25.25	1
23	-30.25	25.75	1
23	-30.75	25.75	1
23	-30.75	24.75	1
23	-31.75	23.75	1
23	-32.25	23.75	1
23	-32.75	24.25	1
23	-33.25	24.25	1
23	-33.25	22.75	1
23	-32.75	22.25	1
23	-32.75	20.75	1
23	-33.25	20.75	1
23	-34.25	21.75	1
23	-34.25	22.75	1
23	-34.75	22.75	1
23	-35.75	21.75	1
23	-36.75	21.75	1
23	-37.25	21.25	1
23	-37.25	20.25	1
23	-39.25	20.25	1
23	-39.75	19.75	1
23	-40.25	19.75	1
23	-40.25	20.75	1
23	-40.75	21.25	1
23	-40.75	21.75	1
23	-39.75	22.75	1
23	-39.75	23.25	1
23	-40.25	23.75	1
23	-40.75	23.75	1
23	-40.75	22.75	1
23	-41.75	21.75	1
23	-42.25	21.75	1
23	-42.25	22.75	1
23	-43.25	22.75	1
23	-43.25	23.75	1
23	-44.25	23.75	1
23	-44.25	24.75	1
23	-44.75	24.75	1
23	-44.75	22.25	1
23	-44.25	21.75	1
23	-44.25	20.75	1
23	-43.75	20.25	1
23	-42.75	20.25	1
23	-41.75	19.25	1
23	-40.75	19.25	1
23	-40.25	18.75	1
23	-40.25	18.25	1
23	-40.75	17.75	1
23	-41.25	17.75	1
23	-41.75	18.25	1
23	-42.25	18.25	1
23	-42.25	17.75	1
23	-41.75	17.25	1
23	-41.75	14.75	1
23	-43.25	14.75	1
23	-43.25	16.25	1
23	-42.75	16.75	1
23	-42.75	17.25	1
23	-43.25	17.75	1
23	-43.25	18.25	1
23	-42.75	18.75	1
23	-42.75	19.25	1
23	-44.25	19.25	1
23	-44.75	18.75	1
23	-44.75	18.25	1
23	-43.75	17.25	1
23	-43.75	16.75	1
23	-44.75	16.75	1
23	-44.75	13.25	1
23	-44.25	12.75	1
23	-43.75	12.75	1
23	-43.75	13.75	1
23	-43.25	13.75	1
23	-41.25	11.75	1
23	-40.25	11.75	1
23	-39.75	11.25	1
23	-39.75	10.75	1
23	-42.25	10.75	1
23	-42.75	11.25	1
23	-43.25	11.25	1
23	-44.25	10.25	1
23	-44.25	8.75	1
23	-42.25	8.75	1
23	-41.75	8.25	1
23	-41.75	7.75	1
23	-42.25	7.25	1
23	-43.25	7.25	1
23	-43.25	4.75	1
23	-42.25	3.75	1
23	-42.25	0.75	1
23	-40.25	0.75	1
23	-40.25	0.25	1
23	-41.25	-0.75	1
23	-41.25	-1.25	1
23	-33.75	-1.25	1
23	-33.75	-0.25	1
23	-33.25	0.25	1
23	-33.25	0.75	1
23	-33.75	0.75	1
23	-34.25	0.25	1
23	-34.75	0.25	1
23	-35.25	0.75	1
23	-35.25	2.25	1
23	-34.25	2.25	1
23	-34.25	2.75	1
23	-34.75	3.25	1
23	-34.75	3.75	1
23	-32.75	3.75	1
23	-32.75	5.25	1
23	-33.25	5.75	1
23	-33.25	6.25	1
23	-32.25	6.25	1
23	-32.25	7.75	1
23	-33.25	7.75	1
23	-33.25	8.25	1
23	-32.75	8.75	1
23	-32.25	8.75	1
23	-31.75	8.25	1
23	-31.25	8.25	1
23	-31.25	9.75	1
23	-32.25	9.75	1
23	-32.25	11.75	1
23	-33.25	11.75	1
23	-33.75	12.25	1
23	-33.75	13.25	1
23	-34.75	13.25	1
23	-35.25	13.75	1
23	-35.25	14.25	1
23	-32.25	14.25	1
23	-31.75	14.75	1
23	-31.75	15.75	1
23	-31.25	16.25	1
23	-30.25	16.25	1
23	-29.75	16.75	1
23	-29.75	17.25	1
23	-30.75	17.25	1
23	-30.75	17.75	1
23	-30.25	18.25	1
23	-30.25	18.75	1
23	-31.25	19.75	1
23	-31.75	19.75	1
23	-31.75	17.75	1
23	-33.25	16.25	1
23	-33.75	16.25	1
23	-34.25	16.75	1
23	-35.75	16.75	1
23	-36.25	16.25	1
23	-36.25	15.75	1
23	-35.75	15.25	1
23	-35.75	14.75	1
23	-38.25	14.75	1
23	-38.75	15.25	1
23	-38.75	15.75	1
23	-38.25	16.25	1
23	-38.25	17.25	1
23	-37.25	17.25	1
23	-36.75	17.75	1
23	-36.75	18.75	1
23	-35.25	18.75	1
23	-33.75	17.25	1
23	-33.25	17.25	1
23	-33.25	17.75	1
23	-33.75	18.25	1
23	-33.75	18.75	1
23	-32.75	18.75	1
23	-32.25	19.25	1
23	-32.25	20.25	1
23	-31.75	20.75	1
23	-31.75	21.75	1
23	-30.75	21.75	1
23	-30.75	22.75	1
23	-30.25	23.25	1
23	-29.75	23.25	1
23	-29.75	21.75	1
23	-30.25	21.25	1
23	-30.25	20.75	1
23	-28.75	19.25	1
23	-27.75	19.25	1
23	-27.75	18.25	1
23	-27.25	17.75	1
23	-27.25	17.25	1
23	-27.75	17.25	1
23	-28.25	17.75	1
23	-28.75	17.75	1
23	-28.75	17.25	1
23	-27.75	16.25	1
23	-27.75	15.75	1
23	-28.75	15.75	1
23	-29.25	15.25	1
23	-30.25	15.25	1
23	-31.25	14.25	1
23	-31.25	12.75	1
23	-30.75	12.25	1
23	-30.75	11.75	1
23	-31.25	11.25	1
23	-31.25	10.75	1
23	-29.25	10.75	1
23	-28.75	10.25	1
23	-28.75	8.75	1
23	-29.75	8.75	1
23	-29.75	7.75	1
23	-30.75	7.75	1
23	-31.25	7.25	1
23	-31.25	6.75	1
23	-30.75	6.25	1
23	-30.75	5.75	1
23	-31.25	5.25	1
23	-31.25	4.75	1
23	-30.75	4.25	1
23	-30.75	3.25	1
23	-30.25	3.25	1
23	-29.75	3.75	1
23	-28.75	3.75	1
23	-28.25	4.25	1
23	-27.75	4.25	1
23	-27.25	3.75	1
23	-26.25	3.75	1
23	-25.75	3.25	1
23	-24.75	3.25	1
23	-24.25	2.75	1
23	-23.25	2.75	1
23	-23.25	2.25	1
23	-23.75	1.75	1
23	-23.75	-0.25	1
23	-24.25	-0.25	1
23	-24.75	0.25	1
23	-25.75	0.25	1
23	-26.25	0.75	1
23	-27.75	0.75	1
23	-28.25	0.25	1
23	-28.25	-1.25	1
23	-22.75	-1.25	1
23	-21.75	-0.25	1
23	-21.25	-0.25	1
23	-21.25	-1.25	1
23	-20.75	-1.25	1
23	-20.25	-0.75	1
23	-20.25	2.75	1
23	-21.25	2.75	1
23	-21.75	3.25	1
23	-21.75	3.75	1
23	-20.25	5.25	1
23	-20.25	6.25	1
23	-19.25	6.25	1
23	-19.25	7.25	1
23	-18.25	7.25	1
23	-18.25	8.25	1
23	-17.75	8.75	1
23	-17.25	8.75	1
23	-15.75	7.25	1
23	-15.75	6.75	1
23	-17.25	5.25	1
23	-18.25	5.25	1
23	-18.25	3.75	1
23	-14.25	-0.25	1
23	-14.25	-1.25	1
23	-9.75	-1.25	1
23	-7.25	1.25	1
23	-6.75	1.25	1
23	-6.25	0.75	1
23	-6.25	0.25	1
23	-7.25	0.25	1
23	-7.25	-0.25	1
23	-6.75	-0.75	1
23	-6.25	-0.75	1
23	-4.75	0.75	1
23	-4.75	1.75	1
23	-4.25	2.25	1
23	-4.25	2.75	1
23	-4.75	2.75	1
23	-5.75	1.75	1
23	-6.25	1.75	1
23	-6.75	2.25	1
23	-6.75	3.25	1
23	-7.25	3.25	1
23	-8.25	2.25	1
23	-8.75	2.25	1
23	-9.25	2.75	1
23	-10.25	2.75	1
23	-10.75	3.25	1
23	-10.75	4.75	1
23	-10.25	5.25	1
23	-9.75	5.25	1
23	-9.75	4.25	1
23	-9.25	3.75	1
23	-8.75	3.75	1
23	-7.75	4.75	1
23	-7.75	6.25	1
23	-8.75	7.25	1
23	-9.75	7.25	1
23	-9.75	7.75	1
23	-9.25	8.25	1
23	-8.25	8.25	1
23	-8.25	9.75	1
23	-9.25	10.75	1
23	-9.25	12.75	1
23	-10.25	13.75	1
23	-10.75	13.75	1
23	-10.75	12.75	1
23	-11.25	12.25	1
23	-12.25	12.25	1
23	-12.25	10.75	1
23	-10.25	10.75	1
23	-9.75	10.25	1
23	-9.75	9.75	1
23	-10.75	8.75	1
23	-10.75	7.75	1
23	-13.25	7.75	1
23	-13.25	9.25	1
23	-12.75	9.75	1
23	-12.75	10.25	1
23	-13.75	11.25	1
23	-14.75	11.25	1
23	-14.75	12.25	1
23	-15.25	12.25	1
23	-16.25	11.25	1
23	-16.25	10.75	1
23	-15.25	10.75	1
23	-15.25	9.75	1
23	-14.25	9.75	1
23	-14.25	9.25	1
23	-14.75	8.75	1
23	-14.75	7.75	1
23	-15.25	7.75	1
23	-15.75	8.25	1
23	-15.75	9.25	1
23	-16.75	9.25	1
23	-17.25	9.75	1
23	-17.75	9.75	1
23	-20.25	7.25	1
23	-20.75	7.25	1
23	-20.75	8.25	1
23	-21.75	8.25	1
23	-22.25	8.75	1
23	-23.25	8.75	1
23	-23.25	9.75	1
23	-24.25	10.75	1
23	-24.25	14.25	1
23	-23.25	14.25	1
23	-23.25	14.75	1
23	-23.75	15.25	1
23	-24.75	15.25	1
23	-25.25	15.75	1
23	-25.25	17.25	1
23	-24.75	17.75	1
23	-24.25	17.75	1
23	-23.75	17.25	1
23	-23.75	16.25	1
23	-22.75	16.25	1
23	-21.75	15.25	1
23	-21.25	15.25	1
23	-20.75	15.75	1
23	-20.75	16.75	1
23	-19.75	17.75	1
23	-19.75	18.25	1
23	-20.25	18.75	1
23	-20.25	19.75	1
23	-21.25	19.75	1
23	-21.75	20.25	1
23	-21.75	21.25	1
23	-22.25	21.75	1
23	-22.25	22.25	1
23	-20.25	22.25	1
23	-19.75	22.75	1
23	-19.75	23.75	1
23	-18.75	23.75	1
23	-18.75	24.25	1
23	-20.25	25.75	1
23	-20.25	26.25	1
23	-19.25	26.25	1
23	-19.25	27.25	1
23	-18.25	27.25	1
23	-17.75	27.75	1
23	-17.75	28.25	1
23	-18.75	28.25	1
23	-18.75	28.75	1
23	-18.25	29.25	1
23	-18.25	30.25	1
23	-17.75	30.75	1
23	-17.75	31.75	1
23	-17.25	32.25	1
23	-16.25	32.25	1
23	-16.25	33.25	1
23	-15.25	33.25	1
23	-15.25	34.75	1
23	-16.75	36.25	1
23	-16.75	36.75	1
23	-16.25	37.25	1
23	-16.25	39.25	1
23	-14.75	40.75	1
23	-14.75	41.25	1
23	-15.25	41.75	1
23	-15.25	42.25	1
23	-14.75	42.25	1
23	-13.75	41.25	1
23	-13.25	41.25	1
23	-12.75	41.75	1
23	-12.75	44.75	1
23	-12.25	44.75	1
23	-11.75	44.25	1
23	-11.75	43.75	1
23	-12.25	43.25	1
23	-12.25	41.25	1
23	-12.75	40.75	1
23	-12.75	40.25	1
23	-12.25	40.25	1
23	-11.25	41.25	1
23	-10.75	41.25	1
23	-10.75	39.75	1
23	-11.25	39.25	1
23	-11.25	38.75	1
23	-10.75	38.75	1
23	-10.25	39.25	1
23	-9.25	39.25	1
23	-8.75	39.75	1
23	-7.25	39.75	1
23	-6.75	39.25	1
23	-6.75	38.75	1
23	-7.25	38.25	1
23	-7.25	36.75	1
23	-5.75	36.75	1
23	-5.75	37.25	1
23	-6.25	37.75	1
23	-6.25	38.25	1
23	-5.75	38.75	1
23	-3.75	38.75	1
23	-3.25	39.25	1
23	-1.75	39.25	1
23	-1.25	38.75	1
23	-1.25	38.25	1
23	-2.75	36.75	1
23	-3.75	36.75	1
23	-3.75	36.25	1
23	-3.25	35.75	1
23	-2.75	35.75	1
23	-1.75	36.75	1
23	-1.25	36.75	1
23	-1.25	35.75	1
23	0.25	35.75	1
23	0.75	36.25	1
23	0.75	36.75	1
23	-0.25	36.75	1
23	-0.75	37.25	1
23	-0.75	37.75	1
23	1.25	37.75	1
23	2.25	38.75	1
23	2.75	38.75	1
23	2.75	37.75	1
23	3.25	37.25	1
23	3.75	37.25	1
23	4.25	37.75	1
23	4.25	38.25	1
23	3.25	39.25	1
23	3.25	40.25	1
23	2.25	41.25	1
23	2.25	41.75	1
23	2.75	41.75	1
23	3.25	41.25	1
23	3.75	41.25	1
23	4.75	42.25	1
23	4.75	42.75	1
23	3.75	42.75	1
23	2.75	43.75	1
23	1.25	43.75	1
23	0.75	43.25	1
23	0.25	43.25	1
23	0.25	43.75	1
23	1.25	44.75	1
23	1.25	45.25	1
23	0.25	45.25	1
23	0.25	45.75	1
23	0.75	46.25	1
23	0.75	46.75	1
23	0.25	47.25	1
23	-0.25	47.25	1
23	-0.25	46.25	1
23	-0.75	45.75	1
23	-0.75	44.75	1
23	-1.25	44.75	1
23	-1.75	45.25	1
23	-1.75	45.75	1
23	-1.25	46.25	1
23	-1.25	47.25	1
23	-0.25	48.25	1
23	-0.25	48.75	1
23	-0.75	49.25	1
23	-9.25	49.25	1
23	-10.75	47.75	1
23	-10.75	47.25	1
23	-9.75	47.25	1
23	-9.75	46.75	1
23	-10.25	46.25	1
23	-10.75	46.25	1
23	-11.25	46.75	1
23	-11.75	46.75	1
23	-12.25	46.25	1
23	-12.75	46.25	1
23	-13.25	46.75	1
23	-13.75	46.75	1
23	-13.75	46.25	1
23	-13.25	45.75	1
23	-13.25	45.25	1
23	-13.75	44.75	1
23	-13.75	43.75	1
23	-14.25	43.25	1
23	-14.75	43.25	1
23	-14.75	44.25	1
23	-15.75	45.25	1
23	-16.25	45.25	1
23	-16.25	44.25	1
23	-16.75	44.25	1
23	-17.25	44.75	1
23	-18.25	44.75	1
23	-18.25	45.25	1
23	-17.75	45.75	1
23	-17.75	46.75	1
23	-17.25	46.75	1
23	-16.75	46.25	1
23	-15.75	46.25	1
23	-15.25	45.75	1
23	-14.75	45.75	1
23	-14.25	46.25	1
23	-14.25	47.75	1
23	-14.75	48.25	1
23	-15.25	48.25	1
23	-15.25	47.25	1
23	-16.75	47.25	1
23	-17.25	47.75	1
23	-17.75	47.75	1
23	-18.25	47.25	1
23	-18.75	47.25	1
23	-19.25	47.75	1
23	-19.25	48.25	1
23	-18.75	48.75	1
23	-18.75	49.25	1
23	-21.25	49.25	1
23	-21.75	48.75	1
23	-22.25	48.75	1
23	-22.75	49.25	1
23	-23.25	49.25	1
23	-24.25	48.25	1
24	-18.25	49.25	1
24	-18.25	48.75	1
24	-17.75	48.75	1
24	-17.75	49.25	1
24	-18.25	49.25	1
25	-22.75	42.25	1
25	-22.75	42.75	1
25	-22.25	42.75	1
25	-22.25	42.25	1
25	-22.75	42.25	1
26	-21.75	39.25	1
26	-21.75	39.75	1
26	-19.75	41.75	1
26	-18.25	41.75	1
26	-17.75	41.25	1
26	-17.75	40.75	1
26	-18.25	40.25	1
26	-18.75	40.25	1
26	-19.25	40.75	1
26	-19.75	40.75	1
26	-19.75	39.25	1
26	-18.75	39.25	1
26	-18.75	38.75	1
26	-19.75	37.75	1
26	-19.75	37.25	1
26	-19.25	36.75	1
26	-19.25	36.25	1
26	-19.75	35.75	1
26	-20.25	35.75	1
26	-20.75	36.25	1
26	-20.75	37.25	1
26	-21.25	37.75	1
26	-21.25	38.75	1
26	-21.75	39.25	1
27	-18.25	37.75	1
27	-18.25	38.25	1
27	-17.75	38.25	1
27	-17.75	37.75	1
27	-18.25	37.75	1
28	-9.75	43.25	1
28	-9.75	43.75	1
28	-9.25	43.75	1
28	-8.25	42.75	1
28	-7.75	42.75	1
28	-7.25	43.25	1
28	-7.25	44.25	1
28	-5.75	44.25	1
28	-5.75	43.25	1
28	-5.25	42.75	1
28	-5.25	42.25	1
28	-5.75	42.25	1
28	-6.25	42.75	1
28	-6.75	42.75	1
28	-7.75	41.75	1
28	-8.25	41.75	1
28	-9.75	43.25	1
2	-36.75	12.25	1
2	-36.75	12.75	1
2	-36.25	13.25	1
2	-35.75	13.25	1
2	-35.25	12.75	1
2	-35.25	11.75	1
2	-33.75	10.25	1
2	-33.75	9.75	1
2	-34.75	8.75	1
2	-35.25	8.75	1
2	-35.75	9.25	1
2	-36.25	9.25	1
2	-36.75	8.75	1
2	-37.25	8.75	1
2	-37.25	9.75	1
2	-37.75	10.25	1
2	-37.75	10.75	1
2	-35.75	10.75	1
2	-35.75	11.25	1
2	-36.75	12.25	1
3	-41.25	6.75	1
3	-41.25	7.25	1
3	-39.75	7.25	1
3	-39.25	6.75	1
3	-39.25	4.75	1
3	-38.75	4.25	1
3	-37.75	4.25	1
3	-37.25	3.75	1
3	-37.25	2.75	1
3	-36.75	2.25	1
3	-36.75	1.75	1
3	-37.75	0.75	1
3	-38.25	0.75	1
3	-39.25	1.75	1
3	-39.25	2.75	1
3	-40.25	2.75	1
3	-40.25	3.75	1
3	-40.75	4.25	1
3	-40.75	4.75	1
3	-40.25	5.25	1
3	-40.25	5.75	1
3	-41.25	6.75	1
4	-26.75	21.25	1
4	-26.75	21.75	1
4	-25.25	21.75	1
4	-24.25	20.75	1
4	-24.25	20.25	1
4	-25.75	20.25	1
4	-26.75	21.25	1
5	0.75	47.75	1
5	0.75	48.25	1
5	1.75	49.25	1
5	4.25	49.25	1
5	4.75	48.75	1
5	4.75	46.25	1
5	3.75	45.25	1
5	2.25	45.25	1
5	2.25	46.25	1
5	0.75	47.75	1
6	-6.25	39.75	1
6	-6.25	40.25	1
6	-5.25	41.25	1
6	-4.25	41.25	1
6	-3.75	41.75	1
6	-2.75	41.75	1
6	-2.75	42.75	1
6	-2.25	43.25	1
6	-1.75	43.25	1
6	-0.75	42.25	1
6	-0.75	41.75	1
6	-1.25	41.25	1
6	-1.25	40.25	1
6	-1.75	40.25	1
6	-2.25	40.75	1
6	-3.75	40.75	1
6	-4.75	39.75	1
6	-6.25	39.75	1
7	-23.75	20.75	1
7	-23.75	20.25	1
7	-22.75	19.25	1
7	-22.75	18.25	1
7	-21.75	17.25	1
7	-21.25	17.25	1
7	-21.25	17.75	1
7	-21.75	18.25	1
7	-21.75	19.25	1
7	-22.25	19.75	1
7	-22.25	20.75	1
7	-22.75	21.25	1
7	-23.25	21.25	1
7	-23.75	20.75	1
8	-26.25	14.75	1
8	-26.25	15.25	1
8	-25.75	15.25	1
8	-25.75	14.75	1
8	-26.25	14.75	1
9	-32.75	-0.75	1
9	-32.75	-0.25	1
9	-32.25	-0.25	1
9	-31.75	-0.75	1
9	-31.75	-1.25	1
9	-32.25	-1.25	1
9	-32.75	-0.75	1
10	-16.75	4.25	1
10	-16.75	4.75	1
10	-16.25	5.25	1
10	-15.75	5.25	1
10	-15.25	4.75	1
10	-13.25	4.75	1
10	-13.25	3.75	1
10	-12.75	3.25	1
10	-12.75	1.75	1
10	-13.25	1.75	1
10	-13.75	2.25	1
10	-14.75	2.25	1
10	-14.75	3.25	1
10	-15.75	4.25	1
10	-16.75	4.25	1
3698	-44.75	39.25	317
3698	-44.75	39.75	317
3698	-44.25	40.25	317
3698	-43.75	40.25	317
3698	-43.25	39.75	317
3698	-43.25	38.75	317
3698	-41.75	37.25	317
3698	-41.75	36.75	317
3698	-42.25	36.25	317
3698	-42.75	36.25	317
3698	-43.75	37.25	317
3698	-44.75	37.25	317
3698	-44.75	39.25	317
2632	-40.25	43.75	2456
2632	-40.25	44.25	2456
2632	-39.75	44.25	2456
2632	-39.75	43.75	2456
2632	-40.25	43.75	2456
5333	-42.25	37.75	4274
5333	-42.25	38.25	4274
5333	-41.75	38.25	4274
5333	-41.25	37.75	4274
5333	-41.25	37.25	4274
5333	-41.75	37.25	4274
5333	-42.25	37.75	4274
1321	-36.75	40.25	1656
1321	-36.75	40.75	1656
1321	-36.25	41.25	1656
1321	-35.75	41.25	1656
1321	-34.75	40.25	1656
1321	-34.75	38.75	1656
1321	-36.25	38.75	1656
1321	-36.25	39.25	1656
1321	-35.75	39.75	1656
1321	-35.75	40.25	1656
1321	-36.75	40.25	1656
8642	-40.25	34.75	6801
8642	-40.25	35.25	6801
8642	-39.75	35.25	6801
8642	-39.75	34.75	6801
8642	-40.25	34.75	6801
3297	-38.75	34.25	291
3297	-38.75	34.75	291
3297	-37.75	34.75	291
3297	-36.75	35.75	291
3297	-34.75	35.75	291
3297	-34.25	36.25	291
3297	-32.25	36.25	291
3297	-31.75	36.75	291
3297	-31.25	36.75	291
3297	-31.25	34.75	291
3297	-30.75	34.25	291
3297	-29.75	34.25	291
3297	-29.25	33.75	291
3297	-28.75	33.75	291
3297	-28.75	34.25	291
3297	-29.25	34.75	291
3297	-29.25	35.25	291
3297	-28.75	35.25	291
3297	-27.75	34.25	291
3297	-27.75	32.75	291
3297	-28.25	32.25	291
3297	-28.75	32.25	291
3297	-29.75	33.25	291
3297	-31.25	33.25	291
3297	-31.75	32.75	291
3297	-31.75	32.25	291
3297	-30.75	32.25	291
3297	-30.25	31.75	291
3297	-29.25	31.75	291
3297	-29.25	31.25	291
3297	-29.75	30.75	291
3297	-29.75	30.25	291
3297	-29.25	30.25	291
3297	-27.75	31.75	291
3297	-27.25	31.75	291
3297	-26.75	31.25	291
3297	-26.75	30.75	291
3297	-27.75	29.75	291
3297	-27.75	29.25	291
3297	-27.25	28.75	291
3297	-26.25	28.75	291
3297	-26.25	27.75	291
3297	-25.25	27.75	291
3297	-25.25	26.75	291
3297	-24.25	25.75	291
3297	-24.25	25.25	291
3297	-24.75	25.25	291
3297	-26.25	26.75	291
3297	-26.75	26.75	291
3297	-27.25	26.25	291
3297	-28.25	26.25	291
3297	-28.25	25.25	291
3297	-29.25	24.25	291
3297	-29.75	24.25	291
3297	-29.75	24.75	291
3297	-29.25	25.25	291
3297	-29.25	25.75	291
3297	-29.75	26.25	291
3297	-30.75	26.25	291
3297	-30.75	27.75	291
3297	-29.75	27.75	291
3297	-29.75	29.25	291
3297	-30.75	29.25	291
3297	-31.25	29.75	291
3297	-31.75	29.75	291
3297	-32.25	29.25	291
3297	-32.25	28.25	291
3297	-32.75	27.75	291
3297	-32.75	27.25	291
3297	-31.75	26.25	291
3297	-31.75	25.75	291
3297	-33.25	25.75	291
3297	-33.75	26.25	291
3297	-33.75	27.75	291
3297	-33.25	28.25	291
3297	-33.25	29.75	291
3297	-33.75	30.25	291
3297	-33.75	30.75	291
3297	-32.25	32.25	291
3297	-32.25	32.75	291
3297	-32.75	33.25	291
3297	-33.25	33.25	291
3297	-33.25	32.25	291
3297	-35.25	30.25	291
3297	-35.25	29.75	291
3297	-34.75	29.25	291
3297	-34.75	28.75	291
3297	-35.75	28.75	291
3297	-36.25	28.25	291
3297	-36.75	28.25	291
3297	-37.75	29.25	291
3297	-37.75	29.75	291
3297	-37.25	29.75	291
3297	-36.75	29.25	291
3297	-36.25	29.25	291
3297	-36.25	29.75	291
3297	-36.75	30.25	291
3297	-36.75	30.75	291
3297	-35.75	30.75	291
3297	-35.75	32.25	291
3297	-36.25	32.25	291
3297	-37.25	31.25	291
3297	-37.75	31.25	291
3297	-37.75	31.75	291
3297	-36.75	32.75	291
3297	-36.75	33.25	291
3297	-37.25	33.75	291
3297	-38.25	33.75	291
3297	-38.75	34.25	291
8644	-34.25	38.75	6803
8644	-34.25	39.25	6803
8644	-33.75	39.25	6803
8644	-33.75	38.75	6803
8644	-34.25	38.75	6803
1815	-24.75	48.25	1969
1815	-24.75	48.75	1969
1815	-24.25	49.25	1969
1815	-23.75	49.25	1969
1815	-23.75	48.75	1969
1815	-24.25	48.25	1969
1815	-24.75	48.25	1969
1816	-22.25	48.75	1969
1816	-22.25	49.25	1969
1816	-21.75	49.25	1969
1816	-21.75	48.75	1969
1816	-22.25	48.75	1969
2443	-19.25	47.75	2347
2443	-19.25	48.25	2347
2443	-18.75	48.25	2347
2443	-18.25	47.75	2347
2443	-18.25	47.25	2347
2443	-18.75	47.25	2347
2443	-19.25	47.75	2347
4300	-18.75	48.25	3532
4300	-18.75	48.75	3532
4300	-17.75	48.75	3532
4300	-17.25	49.25	3532
4300	-15.75	49.25	3532
4300	-15.25	48.75	3532
4300	-15.25	47.25	3532
4300	-16.75	47.25	3532
4300	-17.25	47.75	3532
4300	-18.25	47.75	3532
4300	-18.75	48.25	3532
1476	-44.75	21.25	175
1476	-44.75	21.75	175
1476	-44.25	21.75	175
1476	-44.25	20.75	175
1476	-43.75	20.25	175
1476	-42.75	20.25	175
1476	-41.75	19.25	175
1476	-40.75	19.25	175
1476	-40.25	18.75	175
1476	-40.25	18.25	175
1476	-40.75	17.75	175
1476	-41.25	17.75	175
1476	-41.75	18.25	175
1476	-42.25	18.25	175
1476	-42.25	17.75	175
1476	-41.75	17.25	175
1476	-41.75	14.75	175
1476	-43.25	14.75	175
1476	-43.25	16.25	175
1476	-42.75	16.75	175
1476	-42.75	17.25	175
1476	-43.25	17.75	175
1476	-43.25	18.25	175
1476	-42.75	18.75	175
1476	-42.75	19.25	175
1476	-44.75	19.25	175
1476	-44.75	21.25	175
1477	-44.75	17.25	175
1477	-44.75	17.75	175
1477	-44.25	17.75	175
1477	-43.75	17.25	175
1477	-43.75	16.75	175
1477	-44.25	16.75	175
1477	-44.75	17.25	175
7298	-37.75	28.25	5777
7298	-37.75	28.75	5777
7298	-37.25	28.75	5777
7298	-37.25	28.25	5777
7298	-37.75	28.25	5777
808	-33.25	32.75	1381
808	-33.25	33.25	1381
808	-32.75	33.25	1381
808	-32.25	32.75	1381
808	-32.25	32.25	1381
808	-33.25	31.25	1381
808	-33.75	31.25	1381
808	-33.75	31.75	1381
808	-33.25	32.25	1381
808	-33.25	32.75	1381
809	-34.75	30.25	1381
809	-34.75	30.75	1381
809	-34.25	30.75	1381
809	-33.25	29.75	1381
809	-33.25	28.25	1381
809	-33.75	27.75	1381
809	-34.25	27.75	1381
809	-34.75	28.25	1381
809	-34.75	30.25	1381
7889	-35.25	29.75	6221
7889	-35.25	30.25	6221
7889	-34.75	30.25	6221
7889	-34.75	29.75	6221
7889	-35.25	29.75	6221
6032	-17.75	46.25	4800
6032	-17.75	46.75	4800
6032	-17.25	46.75	4800
6032	-17.25	46.25	4800
6032	-17.75	46.25	4800
6033	-16.75	45.25	4800
6033	-16.75	45.75	4800
6033	-16.25	46.25	4800
6033	-15.75	46.25	4800
6033	-15.25	45.75	4800
6033	-15.25	45.25	4800
6033	-16.75	45.25	4800
4299	-15.25	48.75	3531
4299	-15.25	49.25	3531
4299	-14.75	49.25	3531
4299	-14.75	48.75	3531
4299	-15.25	48.75	3531
810	-35.25	27.75	1382
810	-35.25	28.25	1382
810	-34.75	28.25	1382
810	-34.25	27.75	1382
810	-34.25	27.25	1382
810	-34.75	27.25	1382
810	-35.25	27.75	1382
1922	-18.25	44.75	2029
1922	-18.25	45.25	2029
1922	-17.75	45.75	2029
1922	-17.25	45.75	2029
1922	-16.25	44.75	2029
1922	-16.25	44.25	2029
1922	-16.75	44.25	2029
1922	-17.25	44.75	2029
1922	-18.25	44.75	2029
3058	-14.75	48.25	2752
3058	-14.75	48.75	2752
3058	-14.25	49.25	2752
3058	-12.75	49.25	2752
3058	-12.25	48.75	2752
3058	-12.25	47.75	2752
3058	-11.75	47.75	2752
3058	-10.25	49.25	2752
3058	-9.75	49.25	2752
3058	-9.75	48.75	2752
3058	-10.75	47.75	2752
3058	-10.75	47.25	2752
3058	-9.75	47.25	2752
3058	-9.75	46.75	2752
3058	-10.25	46.25	2752
3058	-10.75	46.25	2752
3058	-11.25	46.75	2752
3058	-11.75	46.75	2752
3058	-12.25	46.25	2752
3058	-12.75	46.25	2752
3058	-14.75	48.25	2752
8773	-36.25	24.75	6900
8773	-36.25	25.25	6900
8773	-35.75	25.25	6900
8773	-35.25	24.75	6900
8773	-35.25	24.25	6900
8773	-35.75	23.75	6900
8773	-36.25	23.75	6900
8773	-36.25	24.75	6900
5487	-35.25	25.75	4393
5487	-35.25	26.25	4393
5487	-34.75	26.25	4393
5487	-34.75	25.75	4393
5487	-35.25	25.75	4393
8648	-32.25	28.75	6807
8648	-32.25	29.25	6807
8648	-31.75	29.25	6807
8648	-31.75	28.75	6807
8648	-32.25	28.75	6807
9159	-21.75	39.25	815
9159	-21.75	39.75	815
9159	-19.75	41.75	815
9159	-18.25	41.75	815
9159	-17.75	41.25	815
9159	-17.75	40.75	815
9159	-18.25	40.25	815
9159	-18.75	40.25	815
9159	-19.25	40.75	815
9159	-19.75	40.75	815
9159	-19.75	39.25	815
9159	-18.75	39.25	815
9159	-18.75	38.75	815
9159	-19.75	37.75	815
9159	-19.75	37.25	815
9159	-19.25	36.75	815
9159	-19.25	36.25	815
9159	-19.75	35.75	815
9159	-20.25	35.75	815
9159	-20.75	36.25	815
9159	-20.75	37.25	815
9159	-21.25	37.75	815
9159	-21.25	38.75	815
9159	-21.75	39.25	815
6736	-14.25	46.75	5349
6736	-14.25	47.25	5349
6736	-13.75	47.25	5349
6736	-13.75	46.75	5349
6736	-14.25	46.75	5349
6953	-12.25	48.75	5514
6953	-12.25	49.25	5514
6953	-10.75	49.25	5514
6953	-10.75	48.75	5514
6953	-11.75	47.75	5514
6953	-12.25	47.75	5514
6953	-12.25	48.75	5514
2002	-34.25	25.75	2080
2002	-34.25	26.25	2080
2002	-33.75	26.25	2080
2002	-33.25	25.75	2080
2002	-33.25	25.25	2080
2002	-33.75	24.75	2080
2002	-34.25	24.75	2080
2002	-34.25	25.75	2080
614	-15.25	44.75	1299
614	-15.25	45.25	1299
614	-14.25	46.25	1299
614	-13.75	46.25	1299
614	-13.25	45.75	1299
614	-13.25	45.25	1299
614	-13.75	44.75	1299
614	-13.75	43.75	1299
614	-14.25	43.75	1299
614	-15.25	44.75	1299
5153	-14.75	43.25	4134
5153	-14.75	43.75	4134
5153	-14.25	43.75	4134
5153	-14.25	43.25	4134
5153	-14.75	43.25	4134
8825	-44.75	12.25	705
8825	-44.75	12.75	705
8825	-43.75	12.75	705
8825	-43.75	13.75	705
8825	-43.25	13.75	705
8825	-41.25	11.75	705
8825	-40.25	11.75	705
8825	-39.75	11.25	705
8825	-39.75	10.75	705
8825	-42.25	10.75	705
8825	-42.75	11.25	705
8825	-43.25	11.25	705
8825	-44.25	10.25	705
8825	-44.25	8.75	705
8825	-42.25	8.75	705
8825	-41.75	8.25	705
8825	-41.75	7.75	705
8825	-42.25	7.25	705
8825	-43.25	7.25	705
8825	-43.25	4.75	705
8825	-42.25	3.75	705
8825	-42.25	0.75	705
8825	-40.25	0.75	705
8825	-40.25	0.25	705
8825	-41.25	-0.75	705
8825	-42.25	-0.75	705
8825	-42.75	-1.25	705
8825	-44.25	-1.25	705
8825	-44.75	-0.75	705
8825	-44.75	1.75	705
8825	-44.25	2.25	705
8825	-44.25	2.75	705
8825	-44.75	3.25	705
8825	-44.75	4.75	705
8825	-43.75	4.75	705
8825	-43.75	5.25	705
8825	-44.75	6.25	705
8825	-44.75	12.25	705
919	-27.75	29.25	1438
919	-27.75	29.75	1438
919	-26.75	29.75	1438
919	-26.25	30.25	1438
919	-25.75	30.25	1438
919	-25.25	29.75	1438
919	-25.25	28.75	1438
919	-24.75	28.25	1438
919	-24.25	28.25	1438
919	-23.75	28.75	1438
919	-23.25	28.75	1438
919	-23.25	28.25	1438
919	-24.25	27.25	1438
919	-24.25	26.75	1438
919	-22.75	25.25	1438
919	-22.75	24.75	1438
919	-23.25	24.25	1438
919	-24.75	24.25	1438
919	-25.25	24.75	1438
919	-26.75	24.75	1438
919	-27.75	23.75	1438
919	-29.25	23.75	1438
919	-29.25	24.25	1438
919	-28.25	25.25	1438
919	-28.25	26.25	1438
919	-27.25	26.25	1438
919	-26.75	26.75	1438
919	-26.25	26.75	1438
919	-24.75	25.25	1438
919	-24.25	25.25	1438
919	-24.25	25.75	1438
919	-25.25	26.75	1438
919	-25.25	27.75	1438
919	-26.25	27.75	1438
919	-26.25	28.75	1438
919	-27.25	28.75	1438
919	-27.75	29.25	1438
7451	-27.25	29.75	5889
7451	-27.25	30.25	5889
7451	-26.75	30.75	5889
7451	-26.25	30.75	5889
7451	-26.25	30.25	5889
7451	-26.75	29.75	5889
7451	-27.25	29.75	5889
301	-26.25	30.75	1122
301	-26.25	31.25	1122
301	-25.75	31.75	1122
301	-25.25	31.75	1122
301	-25.25	30.75	1122
301	-24.75	30.75	1122
301	-24.25	31.25	1122
301	-23.75	31.25	1122
301	-23.25	30.75	1122
301	-22.75	30.75	1122
301	-22.25	31.25	1122
301	-21.75	31.25	1122
301	-21.75	30.75	1122
301	-22.25	30.25	1122
301	-22.25	29.75	1122
301	-21.75	29.75	1122
301	-21.25	30.25	1122
301	-20.75	30.25	1122
301	-20.25	29.75	1122
301	-20.25	29.25	1122
301	-20.75	28.75	1122
301	-23.75	28.75	1122
301	-24.25	28.25	1122
301	-24.75	28.25	1122
301	-25.25	28.75	1122
301	-25.25	29.75	1122
301	-26.25	30.75	1122
532	-15.25	41.75	1251
532	-15.25	42.25	1251
532	-14.75	42.25	1251
532	-13.75	41.25	1251
532	-13.25	41.25	1251
532	-12.75	41.75	1251
532	-12.25	41.75	1251
532	-12.25	41.25	1251
532	-12.75	40.75	1251
532	-12.75	40.25	1251
532	-12.25	40.25	1251
532	-11.25	41.25	1251
532	-10.75	41.25	1251
532	-10.75	39.75	1251
532	-11.25	39.25	1251
532	-11.25	38.75	1251
532	-10.75	38.75	1251
532	-10.25	39.25	1251
532	-9.25	39.25	1251
532	-8.75	39.75	1251
532	-7.25	39.75	1251
532	-6.75	39.25	1251
532	-6.75	38.75	1251
532	-7.25	38.25	1251
532	-7.25	36.75	1251
532	-6.25	36.75	1251
532	-6.25	36.25	1251
532	-6.75	35.75	1251
532	-6.75	34.75	1251
532	-7.25	34.75	1251
532	-8.25	35.75	1251
532	-8.75	35.75	1251
532	-8.75	35.25	1251
532	-7.25	33.75	1251
532	-7.25	33.25	1251
532	-8.75	31.75	1251
532	-9.25	31.75	1251
532	-9.75	32.25	1251
532	-10.75	32.25	1251
532	-11.25	32.75	1251
532	-11.25	33.25	1251
532	-10.25	34.25	1251
532	-10.25	34.75	1251
532	-10.75	34.75	1251
532	-11.25	34.25	1251
532	-11.75	34.25	1251
532	-11.75	35.75	1251
532	-11.25	36.25	1251
532	-11.25	36.75	1251
532	-11.75	37.25	1251
532	-12.75	37.25	1251
532	-13.25	37.75	1251
532	-13.25	38.75	1251
532	-14.25	38.75	1251
532	-14.75	39.25	1251
532	-15.25	39.25	1251
532	-15.25	38.75	1251
532	-14.75	38.25	1251
532	-14.75	37.25	1251
532	-13.75	36.25	1251
532	-12.75	36.25	1251
532	-12.75	35.75	1251
532	-13.75	34.75	1251
532	-13.75	33.75	1251
532	-15.25	33.75	1251
532	-15.25	34.75	1251
532	-16.75	36.25	1251
532	-16.75	36.75	1251
532	-16.25	37.25	1251
532	-16.25	39.25	1251
532	-14.75	40.75	1251
532	-14.75	41.25	1251
532	-15.25	41.75	1251
2752	-12.75	44.25	2537
2752	-12.75	44.75	2537
2752	-12.25	44.75	2537
2752	-11.75	44.25	2537
2752	-11.75	43.75	2537
2752	-12.25	43.25	2537
2752	-12.75	43.25	2537
2752	-12.75	44.25	2537
8584	-32.25	23.75	6768
8584	-32.25	24.25	6768
8584	-31.75	24.25	6768
8584	-31.75	23.75	6768
8584	-32.25	23.75	6768
2227	-30.25	25.75	2203
2227	-30.25	26.25	2203
2227	-29.75	26.25	2203
2227	-29.25	25.75	2203
2227	-29.25	25.25	2203
2227	-29.75	25.25	2203
2227	-30.25	25.75	2203
2951	-18.25	37.75	2676
2951	-18.25	38.25	2676
2951	-17.75	38.25	2676
2951	-17.75	37.75	2676
2951	-18.25	37.75	2676
2675	-38.25	16.75	2486
2675	-38.25	17.25	2486
2675	-37.25	17.25	2486
2675	-36.75	17.75	2486
2675	-36.75	18.75	2486
2675	-35.25	18.75	2486
2675	-33.75	17.25	2486
2675	-33.25	17.25	2486
2675	-33.25	17.75	2486
2675	-33.75	18.25	2486
2675	-33.75	18.75	2486
2675	-32.75	18.75	2486
2675	-32.25	19.25	2486
2675	-31.75	19.25	2486
2675	-31.75	17.75	2486
2675	-33.25	16.25	2486
2675	-33.75	16.25	2486
2675	-34.25	16.75	2486
2675	-35.75	16.75	2486
2675	-36.25	16.25	2486
2675	-36.25	15.75	2486
2675	-35.75	15.25	2486
2675	-35.75	14.75	2486
2675	-38.25	14.75	2486
2675	-38.75	15.25	2486
2675	-38.75	15.75	2486
2675	-38.25	16.25	2486
2675	-38.25	16.75	2486
7133	-12.75	42.25	5646
7133	-12.75	42.75	5646
7133	-12.25	42.75	5646
7133	-12.25	42.25	5646
7133	-12.75	42.25	5646
1037	-15.25	38.75	1510
1037	-15.25	39.25	1510
1037	-14.75	39.25	1510
1037	-14.25	38.75	1510
1037	-13.25	38.75	1510
1037	-13.25	37.75	1510
1037	-12.75	37.25	1510
1037	-11.75	37.25	1510
1037	-11.25	36.75	1510
1037	-11.25	36.25	1510
1037	-11.75	35.75	1510
1037	-11.75	34.25	1510
1037	-11.25	34.25	1510
1037	-10.75	34.75	1510
1037	-10.25	34.75	1510
1037	-10.25	34.25	1510
1037	-11.25	33.25	1510
1037	-13.25	33.25	1510
1037	-13.75	32.75	1510
1037	-14.25	32.75	1510
1037	-14.75	33.25	1510
1037	-14.75	33.75	1510
1037	-13.75	33.75	1510
1037	-13.75	34.75	1510
1037	-12.75	35.75	1510
1037	-12.75	36.25	1510
1037	-13.75	36.25	1510
1037	-14.75	37.25	1510
1037	-14.75	38.25	1510
1037	-15.25	38.75	1510
434	-31.75	21.25	1198
434	-31.75	21.75	1198
434	-30.75	21.75	1198
434	-30.75	22.75	1198
434	-30.25	23.25	1198
434	-29.75	23.25	1198
434	-29.75	21.75	1198
434	-30.25	21.25	1198
434	-30.25	20.75	1198
434	-28.75	19.25	1198
434	-27.75	19.25	1198
434	-27.75	18.25	1198
434	-27.25	17.75	1198
434	-27.25	17.25	1198
434	-27.75	17.25	1198
434	-28.25	17.75	1198
434	-28.75	17.75	1198
434	-28.75	17.25	1198
434	-27.75	16.25	1198
434	-27.75	15.75	1198
434	-28.75	15.75	1198
434	-29.25	15.25	1198
434	-30.25	15.25	1198
434	-31.25	14.25	1198
434	-31.25	12.75	1198
434	-30.75	12.25	1198
434	-30.75	11.75	1198
434	-31.25	11.25	1198
434	-31.25	10.75	1198
434	-30.75	10.25	1198
434	-30.75	9.75	1198
434	-32.25	9.75	1198
434	-32.25	11.75	1198
434	-33.25	11.75	1198
434	-33.75	12.25	1198
434	-33.75	13.25	1198
434	-34.75	13.25	1198
434	-35.25	13.75	1198
434	-35.25	14.25	1198
434	-32.25	14.25	1198
434	-31.75	14.75	1198
434	-31.75	15.75	1198
434	-31.25	16.25	1198
434	-30.25	16.25	1198
434	-29.75	16.75	1198
434	-29.75	17.25	1198
434	-30.75	17.25	1198
434	-30.75	17.75	1198
434	-30.25	18.25	1198
434	-30.25	18.75	1198
434	-31.25	19.75	1198
434	-32.25	19.75	1198
434	-32.25	20.25	1198
434	-31.75	20.75	1198
434	-31.75	21.25	1198
7643	-9.75	43.25	6029
7643	-9.75	43.75	6029
7643	-9.25	43.75	6029
7643	-8.25	42.75	6029
7643	-7.75	42.75	6029
7643	-7.25	43.25	6029
7643	-7.25	44.25	6029
7643	-5.75	44.25	6029
7643	-5.75	43.25	6029
7643	-5.25	42.75	6029
7643	-5.25	42.25	6029
7643	-5.75	42.25	6029
7643	-6.25	42.75	6029
7643	-6.75	42.75	6029
7643	-7.75	41.75	6029
7643	-8.25	41.75	6029
7643	-9.75	43.25	6029
2502	-22.25	29.75	2378
2502	-22.25	30.25	2378
2502	-21.75	30.75	2378
2502	-21.25	30.75	2378
2502	-21.25	30.25	2378
2502	-21.75	29.75	2378
2502	-22.25	29.75	2378
8012	-44.75	5.25	6321
8012	-44.75	5.75	6321
8012	-44.25	5.75	6321
8012	-43.75	5.25	6321
8012	-43.75	4.75	6321
8012	-44.25	4.75	6321
8012	-44.75	5.25	6321
2997	-36.75	12.25	2706
2997	-36.75	12.75	2706
2997	-36.25	13.25	2706
2997	-35.75	13.25	2706
2997	-35.25	12.75	2706
2997	-35.25	11.75	2706
2997	-33.75	10.25	2706
2997	-33.75	9.75	2706
2997	-34.75	8.75	2706
2997	-35.25	8.75	2706
2997	-35.75	9.25	2706
2997	-36.25	9.25	2706
2997	-36.75	8.75	2706
2997	-37.25	8.75	2706
2997	-37.25	9.25	2706
2997	-36.75	9.75	2706
2997	-36.75	10.75	2706
2997	-35.75	10.75	2706
2997	-35.75	11.25	2706
2997	-36.75	12.25	2706
3161	-17.75	31.25	2819
3161	-17.75	31.75	2819
3161	-17.25	32.25	2819
3161	-16.25	32.25	2819
3161	-16.25	33.25	2819
3161	-14.75	33.25	2819
3161	-14.25	32.75	2819
3161	-14.25	32.25	2819
3161	-15.25	32.25	2819
3161	-15.75	31.75	2819
3161	-15.75	31.25	2819
3161	-15.25	30.75	2819
3161	-15.25	30.25	2819
3161	-16.25	30.25	2819
3161	-16.75	29.75	2819
3161	-16.75	29.25	2819
3161	-15.75	29.25	2819
3161	-15.75	28.75	2819
3161	-16.25	28.25	2819
3161	-16.75	28.25	2819
3161	-17.25	28.75	2819
3161	-17.75	28.75	2819
3161	-18.25	28.25	2819
3161	-18.75	28.25	2819
3161	-18.75	28.75	2819
3161	-18.25	29.25	2819
3161	-18.25	30.25	2819
3161	-17.75	30.75	2819
3161	-17.75	31.25	2819
9136	-0.25	48.75	802
9136	-0.25	49.25	802
9136	1.25	49.25	802
9136	1.25	48.75	802
9136	0.75	48.25	802
9136	0.75	47.75	802
9136	2.25	46.25	802
9136	2.25	45.25	802
9136	3.75	45.25	802
9136	4.25	45.75	802
9136	4.75	45.75	802
9136	4.75	43.25	802
9136	4.25	42.75	802
9136	3.75	42.75	802
9136	2.75	43.75	802
9136	1.25	43.75	802
9136	0.75	43.25	802
9136	0.25	43.25	802
9136	0.25	43.75	802
9136	1.25	44.75	802
9136	1.25	45.25	802
9136	0.25	45.25	802
9136	0.25	45.75	802
9136	0.75	46.25	802
9136	0.75	46.75	802
9136	0.25	47.25	802
9136	-0.25	47.25	802
9136	-0.25	46.25	802
9136	-0.75	45.75	802
9136	-0.75	44.75	802
9136	-1.25	44.75	802
9136	-1.75	45.25	802
9136	-1.75	45.75	802
9136	-1.25	46.25	802
9136	-1.25	47.25	802
9136	-0.25	48.25	802
9136	-0.25	48.75	802
2434	-41.25	6.75	2341
2434	-41.25	7.25	2341
2434	-39.75	7.25	2341
2434	-39.75	6.75	2341
2434	-40.25	6.25	2341
2434	-40.75	6.25	2341
2434	-41.25	6.75	2341
5423	-37.75	10.25	4344
5423	-37.75	10.75	4344
5423	-37.25	10.75	4344
5423	-36.75	10.25	4344
5423	-36.75	9.75	4344
5423	-37.25	9.75	4344
5423	-37.75	10.25	4344
7289	-26.75	21.25	5769
7289	-26.75	21.75	5769
7289	-25.25	21.75	5769
7289	-24.25	20.75	5769
7289	-24.25	20.25	5769
7289	-25.75	20.25	5769
7289	-26.75	21.25	5769
3390	-44.75	2.25	298
3390	-44.75	2.75	298
3390	-44.25	2.75	298
3390	-44.25	2.25	298
3390	-44.75	2.25	298
3572	-15.75	31.25	309
3572	-15.75	31.75	309
3572	-15.25	32.25	309
3572	-14.25	32.25	309
3572	-13.25	33.25	309
3572	-11.75	33.25	309
3572	-10.75	32.25	309
3572	-9.75	32.25	309
3572	-8.75	31.25	309
3572	-8.25	31.25	309
3572	-8.25	32.25	309
3572	-7.25	33.25	309
3572	-6.25	33.25	309
3572	-5.75	33.75	309
3572	-5.25	33.75	309
3572	-4.75	33.25	309
3572	-4.75	31.25	309
3572	-3.75	31.25	309
3572	-3.75	30.25	309
3572	-2.75	29.25	309
3572	-2.75	28.25	309
3572	-2.25	27.75	309
3572	-2.25	26.75	309
3572	-1.25	25.75	309
3572	-0.75	25.75	309
3572	-0.25	26.25	309
3572	-0.25	27.25	309
3572	0.75	27.25	309
3572	1.25	27.75	309
3572	1.75	27.75	309
3572	3.25	26.25	309
3572	3.25	25.75	309
3572	2.75	25.75	309
3572	1.75	26.75	309
3572	1.25	26.75	309
3572	0.75	26.25	309
3572	0.75	24.25	309
3572	0.25	23.75	309
3572	-0.25	23.75	309
3572	-1.75	25.25	309
3572	-2.25	25.25	309
3572	-2.75	24.75	309
3572	-3.75	24.75	309
3572	-3.75	24.25	309
3572	-3.25	23.75	309
3572	-3.25	23.25	309
3572	-3.75	22.75	309
3572	-3.75	22.25	309
3572	-2.25	22.25	309
3572	-2.25	23.25	309
3572	-1.75	23.25	309
3572	-1.25	22.75	309
3572	0.25	22.75	309
3572	1.25	23.75	309
3572	1.75	23.75	309
3572	1.75	23.25	309
3572	0.75	22.25	309
3572	0.75	21.75	309
3572	1.25	21.25	309
3572	4.25	21.25	309
3572	4.75	20.75	309
3572	4.75	16.25	309
3572	4.25	15.75	309
3572	4.25	15.25	309
3572	4.75	14.75	309
3572	4.75	13.25	309
3572	3.25	13.25	309
3572	3.25	14.25	309
3572	2.75	14.75	309
3572	2.75	15.25	309
3572	4.25	16.75	309
3572	4.25	17.25	309
3572	3.75	17.25	309
3572	2.75	16.25	309
3572	2.25	16.25	309
3572	2.25	17.25	309
3572	1.75	17.25	309
3572	-0.25	15.25	309
3572	-1.25	15.25	309
3572	-1.25	14.75	309
3572	-0.25	13.75	309
3572	0.25	13.75	309
3572	0.25	14.75	309
3572	1.25	15.75	309
3572	1.75	15.75	309
3572	1.75	14.75	309
3572	2.25	14.25	309
3572	2.25	13.25	309
3572	3.25	12.25	309
3572	4.25	12.25	309
3572	4.75	11.75	309
3572	4.75	5.25	309
3572	4.25	5.25	309
3572	3.75	5.75	309
3572	3.75	6.25	309
3572	4.25	6.75	309
3572	4.25	7.25	309
3572	3.25	7.25	309
3572	3.25	8.25	309
3572	2.75	8.25	309
3572	2.25	7.75	309
3572	2.25	6.75	309
3572	1.75	6.25	309
3572	1.25	6.25	309
3572	0.25	7.25	309
3572	-0.75	7.25	309
3572	-0.75	7.75	309
3572	-0.25	8.25	309
3572	-0.25	9.75	309
3572	-1.25	9.75	309
3572	-1.75	10.25	309
3572	-3.25	10.25	309
3572	-3.75	9.75	309
3572	-4.25	9.75	309
3572	-4.25	11.25	309
3572	0.75	11.25	309
3572	0.75	11.75	309
3572	0.25	12.25	309
3572	-1.75	12.25	309
3572	-2.25	12.75	309
3572	-3.25	12.75	309
3572	-4.25	13.75	309
3572	-4.75	13.75	309
3572	-5.25	13.25	309
3572	-5.75	13.25	309
3572	-6.25	13.75	309
3572	-6.75	13.75	309
3572	-6.75	12.25	309
3572	-6.25	11.75	309
3572	-6.25	10.25	309
3572	-6.75	10.25	309
3572	-7.25	10.75	309
3572	-8.25	10.75	309
3572	-9.25	11.75	309
3572	-9.25	12.75	309
3572	-10.25	13.75	309
3572	-10.75	13.75	309
3572	-10.75	12.75	309
3572	-11.25	12.25	309
3572	-12.25	12.25	309
3572	-12.75	11.75	309
3572	-13.25	11.75	309
3572	-13.25	12.75	309
3572	-13.75	13.25	309
3572	-14.25	13.25	309
3572	-14.25	12.25	309
3572	-15.25	12.25	309
3572	-16.25	11.25	309
3572	-16.25	10.75	309
3572	-15.25	10.75	309
3572	-15.25	9.25	309
3572	-16.75	9.25	309
3572	-17.75	10.25	309
3572	-18.75	10.25	309
3572	-19.25	10.75	309
3572	-19.25	11.25	309
3572	-17.75	12.75	309
3572	-17.25	12.75	309
3572	-16.75	12.25	309
3572	-16.25	12.25	309
3572	-15.25	13.25	309
3572	-15.25	13.75	309
3572	-15.75	14.25	309
3572	-16.75	14.25	309
3572	-16.75	15.25	309
3572	-17.25	15.75	309
3572	-17.25	16.25	309
3572	-16.75	16.25	309
3572	-16.25	15.75	309
3572	-15.75	15.75	309
3572	-15.25	16.25	309
3572	-13.75	16.25	309
3572	-13.25	15.75	309
3572	-13.25	14.75	309
3572	-12.75	14.75	309
3572	-12.25	15.25	309
3572	-12.25	15.75	309
3572	-13.75	17.25	309
3572	-13.75	18.25	309
3572	-14.75	18.25	309
3572	-15.75	19.25	309
3572	-15.75	19.75	309
3572	-14.75	20.75	309
3572	-14.75	21.25	309
3572	-15.75	21.25	309
3572	-16.25	21.75	309
3572	-16.25	22.25	309
3572	-15.75	22.75	309
3572	-15.75	25.75	309
3572	-14.75	26.75	309
3572	-14.75	27.25	309
3572	-15.75	27.25	309
3572	-15.75	27.75	309
3572	-15.25	28.25	309
3572	-14.25	28.25	309
3572	-13.75	28.75	309
3572	-12.75	28.75	309
3572	-12.75	29.25	309
3572	-13.25	29.75	309
3572	-14.25	29.75	309
3572	-15.75	31.25	309
3579	-12.75	30.25	309
3579	-12.75	30.75	309
3579	-12.25	30.75	309
3579	-11.25	29.75	309
3579	-10.25	29.75	309
3579	-10.25	28.25	309
3579	-10.75	28.25	309
3579	-12.75	30.25	309
3580	-6.75	35.25	309
3580	-6.75	35.75	309
3580	-6.25	36.25	309
3580	-5.75	36.25	309
3580	-5.25	35.75	309
3580	-4.75	35.75	309
3580	-4.75	36.75	309
3580	-4.25	36.75	309
3580	-3.25	35.75	309
3580	-2.75	35.75	309
3580	-1.75	36.75	309
3580	-1.25	36.75	309
3580	-1.25	35.75	309
3580	-0.25	35.75	309
3580	-0.25	35.25	309
3580	-0.75	34.75	309
3580	-1.25	34.75	309
3580	-1.75	35.25	309
3580	-2.25	35.25	309
3580	-2.25	34.75	309
3580	-1.25	33.75	309
3580	-1.25	33.25	309
3580	-2.25	32.25	309
3580	-2.75	32.25	309
3580	-2.75	33.25	309
3580	-3.25	33.75	309
3580	-4.25	33.75	309
3580	-5.75	35.25	309
3580	-6.75	35.25	309
3581	-12.75	27.25	309
3581	-12.75	27.75	309
3581	-12.25	27.75	309
3581	-12.25	27.25	309
3581	-12.75	27.25	309
3582	-13.75	24.25	309
3582	-13.75	24.75	309
3582	-13.25	24.75	309
3582	-13.25	24.25	309
3582	-13.75	24.25	309
3583	-11.25	26.75	309
3583	-11.25	27.25	309
3583	-10.75	27.25	309
3583	-10.75	26.75	309
3583	-11.25	26.75	309
3584	-8.75	29.25	309
3584	-8.75	29.75	309
3584	-8.25	29.75	309
3584	-8.25	29.25	309
3584	-8.75	29.25	309
3585	-7.75	28.25	309
3585	-7.75	28.75	309
3585	-7.25	28.75	309
3585	-7.25	28.25	309
3585	-7.75	28.25	309
3586	-14.25	19.75	309
3586	-14.25	20.25	309
3586	-13.75	20.25	309
3586	-12.75	19.25	309
3586	-12.75	18.75	309
3586	-13.25	18.75	309
3586	-14.25	19.75	309
3573	-13.25	20.75	309
3573	-13.25	21.25	309
3573	-12.75	21.25	309
3573	-12.75	20.75	309
3573	-13.25	20.75	309
3574	-7.25	26.75	309
3574	-7.25	27.25	309
3574	-6.75	27.25	309
3574	-6.75	26.75	309
3574	-7.25	26.75	309
3575	-6.25	25.75	309
3575	-6.25	26.25	309
3575	-4.75	26.25	309
3575	-4.75	25.75	309
3575	-5.25	25.25	309
3575	-5.75	25.25	309
3575	-6.25	25.75	309
3576	-20.25	9.75	309
3576	-20.25	10.25	309
3576	-19.75	10.25	309
3576	-19.75	9.75	309
3576	-20.25	9.75	309
3577	-9.75	20.25	309
3577	-9.75	20.75	309
3577	-9.25	21.25	309
3577	-7.75	21.25	309
3577	-7.75	20.75	309
3577	-8.25	20.25	309
3577	-8.25	19.25	309
3577	-9.25	18.25	309
3577	-9.25	17.75	309
3577	-8.25	17.75	309
3577	-8.25	17.25	309
3577	-8.75	16.75	309
3577	-9.25	16.75	309
3577	-9.75	17.25	309
3577	-10.25	17.25	309
3577	-10.75	16.75	309
3577	-11.25	16.75	309
3577	-11.25	17.25	309
3577	-10.75	17.75	309
3577	-10.75	18.75	309
3577	-9.75	18.75	309
3577	-9.25	19.25	309
3577	-9.25	19.75	309
3577	-9.75	20.25	309
3578	-5.25	18.75	309
3578	-5.25	19.25	309
3578	-4.75	19.25	309
3578	-4.25	18.75	309
3578	-3.75	18.75	309
3578	-3.25	19.25	309
3578	-2.25	19.25	309
3578	-1.75	19.75	309
3578	-1.25	19.75	309
3578	-0.75	19.25	309
3578	-0.75	18.75	309
3578	-1.25	18.25	309
3578	-1.25	17.25	309
3578	-2.25	17.25	309
3578	-3.25	16.25	309
3578	-3.75	16.25	309
3578	-3.75	16.75	309
3578	-3.25	17.25	309
3578	-3.25	17.75	309
3578	-4.25	17.75	309
3578	-5.25	18.75	309
3773	-40.25	5.75	3213
3773	-40.25	6.25	3213
3773	-39.75	6.75	3213
3773	-39.25	6.75	3213
3773	-39.25	4.75	3213
3773	-38.75	4.25	3213
3773	-37.75	4.25	3213
3773	-37.25	3.75	3213
3773	-37.25	2.75	3213
3773	-36.75	2.25	3213
3773	-36.75	1.75	3213
3773	-37.75	0.75	3213
3773	-38.25	0.75	3213
3773	-39.25	1.75	3213
3773	-39.25	2.75	3213
3773	-40.25	2.75	3213
3773	-40.25	3.75	3213
3773	-40.75	4.25	3213
3773	-40.75	4.75	3213
3773	-40.25	5.25	3213
3773	-40.25	5.75	3213
2287	-20.25	25.75	225
2287	-20.25	26.25	225
2287	-19.25	26.25	225
2287	-19.25	27.25	225
2287	-18.25	27.25	225
2287	-17.75	27.75	225
2287	-17.25	27.75	225
2287	-17.25	24.75	225
2287	-16.25	24.75	225
2287	-16.25	24.25	225
2287	-16.75	23.75	225
2287	-16.75	21.25	225
2287	-16.25	20.75	225
2287	-15.75	20.75	225
2287	-15.25	21.25	225
2287	-14.75	21.25	225
2287	-14.75	20.75	225
2287	-15.75	19.75	225
2287	-15.75	19.25	225
2287	-14.75	18.25	225
2287	-13.75	18.25	225
2287	-13.75	17.25	225
2287	-12.25	15.75	225
2287	-12.25	15.25	225
2287	-12.75	14.75	225
2287	-13.25	14.75	225
2287	-13.25	15.75	225
2287	-13.75	16.25	225
2287	-15.25	16.25	225
2287	-15.75	15.75	225
2287	-16.25	15.75	225
2287	-16.75	16.25	225
2287	-17.25	16.25	225
2287	-17.25	15.75	225
2287	-16.75	15.25	225
2287	-16.75	14.25	225
2287	-15.75	14.25	225
2287	-15.75	13.75	225
2287	-16.25	13.25	225
2287	-16.75	13.25	225
2287	-17.25	13.75	225
2287	-17.75	13.75	225
2287	-17.75	12.75	225
2287	-20.25	10.25	225
2287	-20.25	9.75	225
2287	-19.75	9.75	225
2287	-19.25	10.25	225
2287	-17.75	10.25	225
2287	-17.75	9.75	225
2287	-20.25	7.25	225
2287	-20.75	7.25	225
2287	-20.75	8.25	225
2287	-21.75	8.25	225
2287	-22.25	8.75	225
2287	-23.25	8.75	225
2287	-23.25	9.75	225
2287	-24.25	10.75	225
2287	-24.25	14.25	225
2287	-23.25	14.25	225
2287	-23.25	14.75	225
2287	-23.75	15.25	225
2287	-24.75	15.25	225
2287	-25.25	15.75	225
2287	-25.25	17.25	225
2287	-24.75	17.75	225
2287	-24.25	17.75	225
2287	-23.75	17.25	225
2287	-23.75	16.25	225
2287	-22.75	16.25	225
2287	-21.75	15.25	225
2287	-21.25	15.25	225
2287	-20.75	15.75	225
2287	-20.75	16.75	225
2287	-19.75	17.75	225
2287	-18.25	17.75	225
2287	-17.75	17.25	225
2287	-17.25	17.25	225
2287	-17.25	18.25	225
2287	-16.25	18.25	225
2287	-16.25	18.75	225
2287	-16.75	19.25	225
2287	-17.75	19.25	225
2287	-19.25	20.75	225
2287	-19.75	20.75	225
2287	-19.75	19.75	225
2287	-21.25	19.75	225
2287	-21.75	20.25	225
2287	-21.75	21.25	225
2287	-22.25	21.75	225
2287	-22.25	22.25	225
2287	-20.25	22.25	225
2287	-19.75	22.75	225
2287	-19.75	23.75	225
2287	-18.75	23.75	225
2287	-18.75	24.25	225
2287	-20.25	25.75	225
2288	-19.25	21.75	225
2288	-19.25	22.25	225
2288	-18.75	22.25	225
2288	-18.75	21.75	225
2288	-19.25	21.75	225
2289	-23.75	11.75	225
2289	-23.75	11.25	225
2289	-21.75	9.25	225
2289	-21.25	9.25	225
2289	-21.25	11.25	225
2289	-20.75	11.75	225
2289	-19.75	11.75	225
2289	-18.75	12.75	225
2289	-18.75	13.25	225
2289	-19.25	13.75	225
2289	-19.25	14.25	225
2289	-18.25	15.25	225
2289	-18.25	15.75	225
2289	-18.75	16.25	225
2289	-19.25	16.25	225
2289	-19.75	15.75	225
2289	-19.75	14.75	225
2289	-20.25	14.25	225
2289	-20.25	13.25	225
2289	-20.75	12.75	225
2289	-21.25	12.75	225
2289	-21.25	13.75	225
2289	-21.75	13.75	225
2289	-21.75	10.75	225
2289	-22.25	10.75	225
2289	-23.25	11.75	225
2289	-23.75	11.75	225
6625	-17.75	28.25	5278
6625	-17.75	28.75	5278
6625	-17.25	28.75	5278
6625	-16.75	28.25	5278
6625	-16.25	28.25	5278
6625	-15.75	28.75	5278
6625	-15.75	29.25	5278
6625	-16.75	29.25	5278
6625	-16.75	29.75	5278
6625	-16.25	30.25	5278
6625	-14.75	30.25	5278
6625	-14.25	29.75	5278
6625	-13.25	29.75	5278
6625	-12.75	29.25	5278
6625	-12.75	28.75	5278
6625	-13.75	28.75	5278
6625	-14.25	28.25	5278
6625	-15.25	28.25	5278
6625	-15.75	27.75	5278
6625	-15.75	27.25	5278
6625	-14.75	27.25	5278
6625	-14.75	26.75	5278
6625	-15.75	25.75	5278
6625	-15.75	24.75	5278
6625	-17.25	24.75	5278
6625	-17.25	27.75	5278
6625	-17.75	28.25	5278
1542	-6.25	39.75	1797
1542	-6.25	40.25	1797
1542	-5.25	41.25	1797
1542	-4.25	41.25	1797
1542	-3.75	41.75	1797
1542	-2.75	41.75	1797
1542	-2.75	42.75	1797
1542	-2.25	43.25	1797
1542	-1.75	43.25	1797
1542	-0.75	42.25	1797
1542	-0.75	41.75	1797
1542	-1.25	41.25	1797
1542	-1.25	40.25	1797
1542	-1.75	40.25	1797
1542	-2.25	40.75	1797
1542	-3.75	40.75	1797
1542	-4.75	39.75	1797
1542	-6.25	39.75	1797
9282	-23.75	20.25	851
9282	-23.75	20.75	851
9282	-23.25	21.25	851
9282	-22.75	21.25	851
9282	-22.25	20.75	851
9282	-22.25	19.75	851
9282	-21.75	19.25	851
9282	-21.75	18.25	851
9282	-21.25	17.75	851
9282	-21.25	17.25	851
9282	-21.75	17.25	851
9282	-22.75	18.25	851
9282	-22.75	19.25	851
9282	-23.75	20.25	851
4721	-8.75	35.25	3823
4721	-8.75	35.75	3823
4721	-8.25	35.75	3823
4721	-7.25	34.75	3823
4721	-6.25	34.75	3823
4721	-5.75	34.25	3823
4721	-5.75	33.75	3823
4721	-6.25	33.25	3823
4721	-6.75	33.25	3823
4721	-8.75	35.25	3823
329	-6.25	37.75	1141
329	-6.25	38.25	1141
329	-5.75	38.75	1141
329	-3.75	38.75	1141
329	-3.25	39.25	1141
329	-1.75	39.25	1141
329	-1.25	38.75	1141
329	-1.25	38.25	1141
329	-2.75	36.75	1141
329	-4.75	36.75	1141
329	-4.75	35.75	1141
329	-5.25	35.75	1141
329	-5.75	36.25	1141
329	-5.75	37.25	1141
329	-6.25	37.75	1141
9008	-12.75	30.25	761
9008	-12.75	30.75	761
9008	-12.25	30.75	761
9008	-11.25	29.75	761
9008	-10.25	29.75	761
9008	-10.25	28.25	761
9008	-10.75	28.25	761
9008	-12.75	30.25	761
8169	-42.25	-1.25	645
8169	-42.25	-0.75	645
8169	-41.75	-0.75	645
8169	-41.75	-1.25	645
8169	-42.25	-1.25	645
2279	-33.25	7.75	2243
2279	-33.25	8.25	2243
2279	-32.75	8.75	2243
2279	-32.25	8.75	2243
2279	-31.75	8.25	2243
2279	-31.25	8.25	2243
2279	-31.25	9.25	2243
2279	-30.75	9.75	2243
2279	-30.75	10.75	2243
2279	-29.25	10.75	2243
2279	-28.75	10.25	2243
2279	-28.75	8.75	2243
2279	-29.75	8.75	2243
2279	-29.75	7.75	2243
2279	-30.75	7.75	2243
2279	-31.25	7.25	2243
2279	-31.25	6.75	2243
2279	-30.75	6.25	2243
2279	-30.75	5.75	2243
2279	-31.25	5.25	2243
2279	-31.25	4.75	2243
2279	-30.75	4.25	2243
2279	-30.75	3.25	2243
2279	-30.25	3.25	2243
2279	-29.75	3.75	2243
2279	-28.75	3.75	2243
2279	-28.25	4.25	2243
2279	-27.75	4.25	2243
2279	-27.25	3.75	2243
2279	-26.25	3.75	2243
2279	-25.75	3.25	2243
2279	-24.75	3.25	2243
2279	-24.25	2.75	2243
2279	-23.25	2.75	2243
2279	-23.25	2.25	2243
2279	-23.75	1.75	2243
2279	-23.75	-0.25	2243
2279	-24.25	-0.25	2243
2279	-24.75	0.25	2243
2279	-25.75	0.25	2243
2279	-26.25	0.75	2243
2279	-27.75	0.75	2243
2279	-28.25	0.25	2243
2279	-28.25	-0.75	2243
2279	-28.75	-1.25	2243
2279	-31.25	-1.25	2243
2279	-32.25	-0.25	2243
2279	-32.75	-0.25	2243
2279	-32.75	-1.25	2243
2279	-33.25	-1.25	2243
2279	-33.75	-0.75	2243
2279	-33.75	-0.25	2243
2279	-33.25	0.25	2243
2279	-33.25	0.75	2243
2279	-33.75	0.75	2243
2279	-34.25	0.25	2243
2279	-34.75	0.25	2243
2279	-35.25	0.75	2243
2279	-35.25	2.25	2243
2279	-34.25	2.25	2243
2279	-34.25	2.75	2243
2279	-34.75	3.25	2243
2279	-34.75	3.75	2243
2279	-32.75	3.75	2243
2279	-32.75	5.25	2243
2279	-33.25	5.75	2243
2279	-33.25	6.25	2243
2279	-32.25	6.25	2243
2279	-32.25	7.75	2243
2279	-33.25	7.75	2243
6746	-26.25	14.75	5358
6746	-26.25	15.25	5358
6746	-25.75	15.25	5358
6746	-25.75	14.75	5358
6746	-26.25	14.75	5358
6281	-19.25	21.75	5003
6281	-19.25	22.25	5003
6281	-18.75	22.25	5003
6281	-18.75	21.75	5003
6281	-19.25	21.75	5003
5322	-6.25	34.75	4265
5322	-6.25	35.25	4265
5322	-5.75	35.25	4265
5322	-5.25	34.75	4265
5322	-5.25	34.25	4265
5322	-5.75	34.25	4265
5322	-6.25	34.75	4265
576	-19.75	20.25	128
576	-19.75	20.75	128
576	-19.25	20.75	128
576	-17.75	19.25	128
576	-16.75	19.25	128
576	-16.25	18.75	128
576	-16.25	18.25	128
576	-17.25	18.25	128
576	-17.25	17.25	128
576	-17.75	17.25	128
576	-19.75	19.25	128
576	-19.75	20.25	128
6785	-16.75	23.25	5390
6785	-16.75	23.75	5390
6785	-16.25	24.25	5390
6785	-15.75	24.25	5390
6785	-15.75	22.75	5390
6785	-16.25	22.25	5390
6785	-16.75	22.25	5390
6785	-16.75	23.25	5390
6057	-12.75	27.25	4822
6057	-12.75	27.75	4822
6057	-12.25	27.75	4822
6057	-12.25	27.25	4822
6057	-12.75	27.25	4822
5087	-8.75	31.25	4092
5087	-8.75	31.75	4092
5087	-8.25	31.75	4092
5087	-8.25	31.25	4092
5087	-8.75	31.25	4092
5147	-20.25	18.75	4129
5147	-20.25	19.25	4129
5147	-19.75	19.25	4129
5147	-18.75	18.25	4129
5147	-18.75	17.75	4129
5147	-19.25	17.75	4129
5147	-20.25	18.75	4129
1980	2.25	41.25	207
1980	2.25	41.75	207
1980	2.75	41.75	207
1980	3.25	41.25	207
1980	3.75	41.25	207
1980	4.25	41.75	207
1980	4.75	41.75	207
1980	4.75	32.25	207
1980	3.75	31.25	207
1980	3.25	31.25	207
1980	3.25	33.25	207
1980	2.75	33.75	207
1980	2.75	34.25	207
1980	3.25	34.25	207
1980	3.75	33.75	207
1980	4.25	33.75	207
1980	4.25	34.25	207
1980	3.75	34.75	207
1980	3.75	35.75	207
1980	2.25	37.25	207
1980	1.75	37.25	207
1980	1.75	35.25	207
1980	0.25	35.25	207
1980	0.25	35.75	207
1980	0.75	36.25	207
1980	0.75	36.75	207
1980	-0.25	36.75	207
1980	-0.75	37.25	207
1980	-0.75	37.75	207
1980	1.25	37.75	207
1980	2.25	38.75	207
1980	2.75	38.75	207
1980	2.75	37.75	207
1980	3.25	37.25	207
1980	3.75	37.25	207
1980	4.25	37.75	207
1980	4.25	38.25	207
1980	3.25	39.25	207
1980	3.25	40.25	207
1980	2.25	41.25	207
1981	3.25	29.25	207
1981	3.25	29.75	207
1981	4.25	29.75	207
1981	4.25	30.75	207
1981	4.75	30.75	207
1981	4.75	26.25	207
1981	4.25	26.25	207
1981	3.75	26.75	207
1981	2.75	26.75	207
1981	2.75	27.25	207
1981	3.25	27.75	207
1981	3.25	29.25	207
7645	-16.75	21.25	6030
7645	-16.75	21.75	6030
7645	-16.25	21.75	6030
7645	-15.75	21.25	6030
7645	-15.75	20.75	6030
7645	-16.25	20.75	6030
7645	-16.75	21.25	6030
8185	-13.75	24.25	6460
8185	-13.75	24.75	6460
8185	-13.25	24.75	6460
8185	-13.25	24.25	6460
8185	-13.75	24.25	6460
5106	-11.25	26.75	4104
5106	-11.25	27.25	4104
5106	-10.75	27.25	4104
5106	-10.75	26.75	4104
5106	-11.25	26.75	4104
7654	-8.75	29.25	6039
7654	-8.75	29.75	6039
7654	-8.25	29.75	6039
7654	-8.25	29.25	6039
7654	-8.75	29.25	6039
405	-4.75	33.25	1182
405	-4.75	33.75	1182
405	-3.25	33.75	1182
405	-2.75	33.25	1182
405	-2.75	32.25	1182
405	-2.25	32.25	1182
405	-0.25	34.25	1182
405	-0.25	35.25	1182
405	1.75	35.25	1182
405	1.75	37.25	1182
405	2.25	37.25	1182
405	3.75	35.75	1182
405	3.75	34.75	1182
405	4.25	34.25	1182
405	4.25	33.75	1182
405	3.75	33.75	1182
405	3.25	34.25	1182
405	2.75	34.25	1182
405	2.75	33.75	1182
405	3.25	33.25	1182
405	3.25	31.25	1182
405	3.75	31.25	1182
405	4.25	31.75	1182
405	4.75	31.75	1182
405	4.75	31.25	1182
405	3.25	29.75	1182
405	3.25	27.75	1182
405	2.75	27.25	1182
405	2.25	27.25	1182
405	1.75	27.75	1182
405	1.25	27.75	1182
405	0.75	27.25	1182
405	0.25	27.25	1182
405	0.25	27.75	1182
405	1.25	28.75	1182
405	1.25	29.25	1182
405	0.75	29.25	1182
405	-0.25	28.25	1182
405	-0.25	26.25	1182
405	-0.75	25.75	1182
405	-1.25	25.75	1182
405	-2.25	26.75	1182
405	-2.25	27.75	1182
405	-2.75	28.25	1182
405	-2.75	28.75	1182
405	-2.25	29.25	1182
405	-1.75	29.25	1182
405	-1.25	28.75	1182
405	-0.75	28.75	1182
405	-0.25	29.25	1182
405	-0.25	30.75	1182
405	-0.75	30.75	1182
405	-1.25	30.25	1182
405	-2.25	30.25	1182
405	-2.75	29.75	1182
405	-3.25	29.75	1182
405	-3.25	30.25	1182
405	-2.75	30.75	1182
405	-2.75	31.25	1182
405	-4.75	33.25	1182
406	-0.25	32.75	1182
406	-0.25	33.25	1182
406	1.25	33.25	1182
406	1.25	32.75	1182
406	0.75	32.25	1182
406	0.25	32.25	1182
406	-0.25	32.75	1182
407	1.25	30.25	1182
407	1.25	30.75	1182
407	1.75	31.25	1182
407	2.25	31.25	1182
407	2.25	30.75	1182
407	1.75	30.25	1182
407	1.25	30.25	1182
877	-4.75	32.25	1408
877	-4.75	32.75	1408
877	-4.25	32.75	1408
877	-2.75	31.25	1408
877	-2.75	30.75	1408
877	-3.25	30.25	1408
877	-3.75	30.25	1408
877	-3.75	31.25	1408
877	-4.75	31.25	1408
877	-4.75	32.25	1408
4863	-2.25	34.75	3930
4863	-2.25	35.25	3930
4863	-1.75	35.25	3930
4863	-1.25	34.75	3930
4863	-0.25	34.75	3930
4863	-0.25	34.25	3930
4863	-0.75	33.75	3930
4863	-1.25	33.75	3930
4863	-2.25	34.75	3930
5353	-7.75	28.25	4292
5353	-7.75	28.75	4292
5353	-7.25	28.75	4292
5353	-7.25	28.25	4292
5353	-7.75	28.25	4292
7317	-23.75	11.25	5791
7317	-23.75	11.75	5791
7317	-23.25	11.75	5791
7317	-22.25	10.75	5791
7317	-21.25	10.75	5791
7317	-21.25	9.25	5791
7317	-21.75	9.25	5791
7317	-23.75	11.25	5791
5972	-21.75	13.25	4754
5972	-21.75	13.75	4754
5972	-21.25	13.75	4754
5972	-21.25	13.25	4754
5972	-21.75	13.25	4754
5943	-19.25	15.75	4730
5943	-19.25	16.25	4730
5943	-18.75	16.25	4730
5943	-18.25	15.75	4730
5943	-18.25	15.25	4730
5943	-18.75	14.75	4730
5943	-19.25	14.75	4730
5943	-19.25	15.75	4730
2094	-21.75	12.25	2126
2094	-21.75	12.75	2126
2094	-20.75	12.75	2126
2094	-20.25	13.25	2126
2094	-20.25	14.25	2126
2094	-19.75	14.75	2126
2094	-19.25	14.75	2126
2094	-19.25	13.75	2126
2094	-18.75	13.25	2126
2094	-18.75	12.75	2126
2094	-19.75	11.75	2126
2094	-20.75	11.75	2126
2094	-21.25	11.25	2126
2094	-21.75	11.25	2126
2094	-21.75	12.25	2126
5066	-14.25	19.75	4076
5066	-14.25	20.25	4076
5066	-13.75	20.25	4076
5066	-12.75	19.25	4076
5066	-12.75	18.75	4076
5066	-13.25	18.75	4076
5066	-14.25	19.75	4076
4879	-13.25	20.75	3944
4879	-13.25	21.25	3944
4879	-12.75	21.25	3944
4879	-12.75	20.75	3944
4879	-13.25	20.75	3944
6056	-7.25	26.75	4821
6056	-7.25	27.25	4821
6056	-6.75	27.25	4821
6056	-6.75	26.75	4821
6056	-7.25	26.75	4821
2633	-0.25	32.75	2457
2633	-0.25	33.25	2457
2633	1.25	33.25	2457
2633	1.25	32.75	2457
2633	0.75	32.25	2457
2633	0.25	32.25	2457
2633	-0.25	32.75	2457
241	-2.75	29.25	1093
241	-2.75	29.75	1093
241	-2.25	30.25	1093
241	-1.25	30.25	1093
241	-0.75	30.75	1093
241	-0.25	30.75	1093
241	-0.25	29.25	1093
241	-0.75	28.75	1093
241	-1.25	28.75	1093
241	-1.75	29.25	1093
241	-2.75	29.25	1093
4136	-17.75	13.25	3438
4136	-17.75	13.75	3438
4136	-17.25	13.75	3438
4136	-16.75	13.25	3438
4136	-16.25	13.25	3438
4136	-15.75	13.75	3438
4136	-15.25	13.75	3438
4136	-15.25	13.25	3438
4136	-16.25	12.25	3438
4136	-16.75	12.25	3438
4136	-17.75	13.25	3438
2333	-5.75	25.25	2283
2333	-5.75	25.75	2283
2333	-5.25	26.25	2283
2333	-4.75	26.25	2283
2333	-4.75	25.75	2283
2333	-5.25	25.25	2283
2333	-5.75	25.25	2283
5142	-9.75	20.25	4124
5142	-9.75	20.75	4124
5142	-9.25	21.25	4124
5142	-7.75	21.25	4124
5142	-7.75	20.75	4124
5142	-8.25	20.25	4124
5142	-8.25	19.25	4124
5142	-9.25	18.25	4124
5142	-9.25	17.75	4124
5142	-8.25	17.75	4124
5142	-8.25	17.25	4124
5142	-8.75	16.75	4124
5142	-9.25	16.75	4124
5142	-9.75	17.25	4124
5142	-10.25	17.25	4124
5142	-10.75	16.75	4124
5142	-11.25	16.75	4124
5142	-11.25	17.25	4124
5142	-10.75	17.75	4124
5142	-10.75	18.75	4124
5142	-9.75	18.75	4124
5142	-9.25	19.25	4124
5142	-9.25	19.75	4124
5142	-9.75	20.25	4124
4343	1.25	30.25	3566
4343	1.25	30.75	3566
4343	1.75	31.25	3566
4343	2.25	31.25	3566
4343	2.25	30.75	3566
4343	1.75	30.25	3566
4343	1.25	30.25	3566
8315	-3.75	24.25	656
8315	-3.75	24.75	656
8315	-2.75	24.75	656
8315	-2.25	25.25	656
8315	-1.75	25.25	656
8315	-0.25	23.75	656
8315	0.25	23.75	656
8315	0.75	24.25	656
8315	0.75	26.25	656
8315	1.25	26.75	656
8315	1.75	26.75	656
8315	2.25	26.25	656
8315	2.25	25.25	656
8315	3.75	23.75	656
8315	3.75	23.25	656
8315	3.25	22.75	656
8315	3.25	21.75	656
8315	2.75	21.25	656
8315	1.25	21.25	656
8315	0.75	21.75	656
8315	0.75	22.25	656
8315	1.75	23.25	656
8315	1.75	23.75	656
8315	1.25	23.75	656
8315	0.25	22.75	656
8315	-1.25	22.75	656
8315	-1.75	23.25	656
8315	-2.25	23.25	656
8315	-2.25	22.25	656
8315	-3.75	22.25	656
8315	-3.75	22.75	656
8315	-3.25	23.25	656
8315	-3.25	23.75	656
8315	-3.75	24.25	656
8316	3.75	24.75	656
8316	3.75	25.25	656
8316	4.25	25.75	656
8316	4.75	25.75	656
8316	4.75	24.25	656
8316	4.25	24.25	656
8316	3.75	24.75	656
8317	4.25	15.25	656
8317	4.25	15.75	656
8317	4.75	15.75	656
8317	4.75	15.25	656
8317	4.25	15.25	656
8318	3.25	12.25	656
8318	3.25	12.75	656
8318	3.75	13.25	656
8318	4.25	13.25	656
8318	4.75	12.75	656
8318	4.75	12.25	656
8318	3.25	12.25	656
7457	-0.25	27.75	5893
7457	-0.25	28.25	5893
7457	0.75	29.25	5893
7457	1.25	29.25	5893
7457	1.25	28.75	5893
7457	0.25	27.75	5893
7457	-0.25	27.75	5893
6477	-14.25	12.75	516
6477	-14.25	13.25	516
6477	-13.75	13.25	516
6477	-13.25	12.75	516
6477	-13.25	11.75	516
6477	-12.25	11.75	516
6477	-12.25	10.75	516
6477	-10.25	10.75	516
6477	-9.75	10.25	516
6477	-9.75	9.75	516
6477	-10.75	8.75	516
6477	-10.75	7.75	516
6477	-13.25	7.75	516
6477	-13.25	9.25	516
6477	-12.75	9.75	516
6477	-12.75	10.25	516
6477	-13.75	11.25	516
6477	-14.75	11.25	516
6477	-14.75	11.75	516
6477	-14.25	12.25	516
6477	-14.25	12.75	516
6981	-20.25	5.75	554
6981	-20.25	6.25	554
6981	-19.25	6.25	554
6981	-19.25	7.25	554
6981	-18.25	7.25	554
6981	-18.25	8.25	554
6981	-17.75	8.75	554
6981	-17.25	8.75	554
6981	-17.25	7.75	554
6981	-16.25	7.75	554
6981	-15.75	7.25	554
6981	-15.75	6.75	554
6981	-17.25	5.25	554
6981	-18.25	5.25	554
6981	-18.25	3.75	554
6981	-14.25	-0.25	554
6981	-14.25	-0.75	554
6981	-14.75	-1.25	554
6981	-16.25	-1.25	554
6981	-16.75	-0.75	554
6981	-16.75	-0.25	554
6981	-16.25	0.25	554
6981	-16.25	0.75	554
6981	-16.75	1.25	554
6981	-17.25	1.25	554
6981	-17.25	0.25	554
6981	-18.25	0.25	554
6981	-18.25	-0.75	554
6981	-18.75	-1.25	554
6981	-20.25	-1.25	554
6981	-20.25	2.75	554
6981	-21.25	2.75	554
6981	-21.75	3.25	554
6981	-21.75	3.75	554
6981	-20.25	5.25	554
6981	-20.25	5.75	554
6982	-22.25	-1.25	554
6982	-22.25	-0.75	554
6982	-21.75	-0.25	554
6982	-21.25	-0.25	554
6982	-21.25	-0.75	554
6982	-21.75	-1.25	554
6982	-22.25	-1.25	554
7227	3.75	29.75	5720
7227	3.75	30.25	5720
7227	4.25	30.25	5720
7227	4.25	29.75	5720
7227	3.75	29.75	5720
7748	-17.25	7.75	6102
7748	-17.25	8.25	6102
7748	-16.75	8.25	6102
7748	-16.75	7.75	6102
7748	-17.25	7.75	6102
7853	-15.75	8.25	6197
7853	-15.75	8.75	6197
7853	-15.25	9.25	6197
7853	-14.75	9.25	6197
7853	-14.75	7.75	6197
7853	-15.25	7.75	6197
7853	-15.75	8.25	6197
1974	-5.25	18.75	2065
1974	-5.25	19.25	2065
1974	-4.75	19.25	2065
1974	-4.25	18.75	2065
1974	-3.75	18.75	2065
1974	-3.25	19.25	2065
1974	-2.25	19.25	2065
1974	-1.75	19.75	2065
1974	-1.25	19.75	2065
1974	-0.75	19.25	2065
1974	-0.75	18.75	2065
1974	-1.25	18.25	2065
1974	-1.25	17.25	2065
1974	-2.25	17.25	2065
1974	-3.25	16.25	2065
1974	-3.75	16.25	2065
1974	-3.75	16.75	2065
1974	-3.25	17.25	2065
1974	-3.25	17.75	2065
1974	-4.25	17.75	2065
1974	-5.25	18.75	2065
6530	2.25	25.25	520
6530	2.25	25.75	520
6530	3.75	25.75	520
6530	3.75	25.25	520
6530	3.25	24.75	520
6530	2.75	24.75	520
6530	2.25	25.25	520
6531	3.75	23.75	520
6531	3.75	24.25	520
6531	4.25	24.25	520
6531	4.75	23.75	520
6531	4.75	21.25	520
6531	3.25	21.25	520
6531	3.25	22.75	520
6531	3.75	23.25	520
6531	3.75	23.75	520
7802	3.25	26.25	6151
7802	3.25	26.75	6151
7802	3.75	26.75	6151
7802	4.25	26.25	6151
7802	4.25	25.75	6151
7802	3.75	25.75	6151
7802	3.25	26.25	6151
3728	-16.75	4.25	3191
3728	-16.75	4.75	3191
3728	-16.25	5.25	3191
3728	-15.75	5.25	3191
3728	-15.25	4.75	3191
3728	-13.25	4.75	3191
3728	-13.25	3.75	3191
3728	-12.75	3.25	3191
3728	-12.75	1.75	3191
3728	-13.25	1.75	3191
3728	-13.75	2.25	3191
3728	-14.75	2.25	3191
3728	-14.75	3.25	3191
3728	-15.75	4.25	3191
3728	-16.75	4.25	3191
3505	-9.25	10.75	3043
3505	-9.25	11.25	3043
3505	-8.75	11.25	3043
3505	-8.25	10.75	3043
3505	-7.25	10.75	3043
3505	-6.75	10.25	3043
3505	-6.25	10.25	3043
3505	-6.25	11.75	3043
3505	-6.75	12.25	3043
3505	-6.75	13.75	3043
3505	-6.25	13.75	3043
3505	-5.75	13.25	3043
3505	-5.25	13.25	3043
3505	-4.75	13.75	3043
3505	-4.25	13.75	3043
3505	-3.25	12.75	3043
3505	-2.25	12.75	3043
3505	-1.75	12.25	3043
3505	0.25	12.25	3043
3505	0.75	11.75	3043
3505	0.75	11.25	3043
3505	-4.25	11.25	3043
3505	-4.25	9.25	3043
3505	-5.25	9.25	3043
3505	-5.75	8.75	3043
3505	-5.75	8.25	3043
3505	-5.25	7.75	3043
3505	-5.25	7.25	3043
3505	-5.75	6.75	3043
3505	-6.75	6.75	3043
3505	-7.25	6.25	3043
3505	-7.75	6.25	3043
3505	-8.75	7.25	3043
3505	-9.75	7.25	3043
3505	-9.75	7.75	3043
3505	-9.25	8.25	3043
3505	-8.25	8.25	3043
3505	-8.25	9.75	3043
3505	-9.25	10.75	3043
9577	-18.25	-0.25	998
9577	-18.25	0.25	998
9577	-17.25	0.25	998
9577	-17.25	1.25	998
9577	-16.75	1.25	998
9577	-16.25	0.75	998
9577	-16.25	0.25	998
9577	-16.75	-0.25	998
9577	-16.75	-1.25	998
9577	-18.25	-1.25	998
9577	-18.25	-0.25	998
884	-1.25	14.75	1413
884	-1.25	15.25	1413
884	-0.25	15.25	1413
884	1.75	17.25	1413
884	2.25	17.25	1413
884	2.25	16.25	1413
884	2.75	16.25	1413
884	3.25	16.75	1413
884	3.75	16.75	1413
884	3.75	16.25	1413
884	2.75	15.25	1413
884	2.75	14.75	1413
884	3.25	14.25	1413
884	3.25	12.75	1413
884	2.75	12.75	1413
884	2.25	13.25	1413
884	2.25	14.25	1413
884	1.75	14.75	1413
884	1.75	15.75	1413
884	1.25	15.75	1413
884	0.25	14.75	1413
884	0.25	13.75	1413
884	-0.25	13.75	1413
884	-1.25	14.75	1413
9563	-10.75	4.25	990
9563	-10.75	4.75	990
9563	-10.25	5.25	990
9563	-9.75	5.25	990
9563	-9.75	4.25	990
9563	-9.25	3.75	990
9563	-8.75	3.75	990
9563	-7.75	4.75	990
9563	-7.25	4.75	990
9563	-6.75	4.25	990
9563	-6.25	4.25	990
9563	-6.25	5.25	990
9563	-5.25	6.25	990
9563	-3.25	6.25	990
9563	-3.25	6.75	990
9563	-3.75	7.25	990
9563	-3.75	7.75	990
9563	-3.25	8.25	990
9563	-3.25	8.75	990
9563	-3.75	9.25	990
9563	-3.75	9.75	990
9563	-3.25	10.25	990
9563	-1.75	10.25	990
9563	-1.25	9.75	990
9563	-0.25	9.75	990
9563	-0.25	8.25	990
9563	-0.75	7.75	990
9563	-0.75	7.25	990
9563	-0.25	6.75	990
9563	-0.25	6.25	990
9563	-1.25	5.25	990
9563	-1.25	4.75	990
9563	0.75	4.75	990
9563	0.75	2.75	990
9563	1.75	2.75	990
9563	1.75	1.75	990
9563	2.25	1.75	990
9563	2.75	2.25	990
9563	3.25	2.25	990
9563	3.25	1.75	990
9563	2.75	1.25	990
9563	2.75	0.75	990
9563	3.75	0.75	990
9563	3.75	-0.25	990
9563	4.25	-0.75	990
9563	4.25	-1.25	990
9563	-0.25	-1.25	990
9563	-0.25	-0.25	990
9563	-0.75	0.25	990
9563	-1.75	0.25	990
9563	-2.25	0.75	990
9563	-2.75	0.75	990
9563	-2.75	0.25	990
9563	-1.75	-0.75	990
9563	-1.75	-1.25	990
9563	-6.25	-1.25	990
9563	-6.25	-0.75	990
9563	-4.75	0.75	990
9563	-4.75	1.75	990
9563	-4.25	2.25	990
9563	-4.25	2.75	990
9563	-4.75	2.75	990
9563	-5.75	1.75	990
9563	-6.25	1.75	990
9563	-6.25	2.75	990
9563	-6.75	3.25	990
9563	-7.25	3.25	990
9563	-8.25	2.25	990
9563	-8.75	2.25	990
9563	-9.25	2.75	990
9563	-10.25	2.75	990
9563	-10.75	3.25	990
9563	-10.75	4.25	990
9564	-9.25	-1.25	990
9564	-9.25	-0.75	990
9564	-7.25	1.25	990
9564	-6.75	1.25	990
9564	-6.25	0.75	990
9564	-6.25	0.25	990
9564	-7.25	0.25	990
9564	-7.25	-0.25	990
9564	-6.75	-0.75	990
9564	-6.75	-1.25	990
9564	-9.25	-1.25	990
9565	-1.25	-0.75	990
9565	-1.25	-1.25	990
9565	-0.75	-1.25	990
9565	-0.75	-0.75	990
9565	-1.25	-0.75	990
3154	-5.75	8.25	2813
3154	-5.75	8.75	2813
3154	-5.25	9.25	2813
3154	-4.75	9.25	2813
3154	-4.25	8.75	2813
3154	-3.25	8.75	2813
3154	-3.25	8.25	2813
3154	-3.75	7.75	2813
3154	-3.75	7.25	2813
3154	-3.25	6.75	2813
3154	-3.25	6.25	2813
3154	-5.25	6.25	2813
3154	-6.25	5.25	2813
3154	-6.25	4.25	2813
3154	-6.75	4.25	2813
3154	-7.25	4.75	2813
3154	-7.25	6.25	2813
3154	-6.75	6.75	2813
3154	-5.75	6.75	2813
3154	-5.25	7.25	2813
3154	-5.25	7.75	2813
3154	-5.75	8.25	2813
7110	-7.75	5.25	5627
7110	-7.75	5.75	5627
7110	-7.25	5.75	5627
7110	-7.25	5.25	5627
7110	-7.75	5.25	5627
8347	-4.25	8.75	6582
8347	-4.25	9.25	6582
8347	-3.75	9.25	6582
8347	-3.75	8.75	6582
8347	-4.25	8.75	6582
7653	3.75	16.75	6038
7653	3.75	17.25	6038
7653	4.25	17.25	6038
7653	4.25	16.75	6038
7653	3.75	16.75	6038
8736	-6.75	2.25	6876
8736	-6.75	2.75	6876
8736	-6.25	2.75	6876
8736	-6.25	2.25	6876
8736	-6.75	2.25	6876
695	-0.25	6.75	1328
695	-0.25	7.25	1328
695	0.25	7.25	1328
695	1.25	6.25	1328
695	1.75	6.25	1328
695	2.25	6.75	1328
695	2.25	7.75	1328
695	2.75	8.25	1328
695	3.25	8.25	1328
695	3.25	6.75	1328
695	2.75	6.25	1328
695	2.75	2.25	1328
695	2.25	1.75	1328
695	1.75	1.75	1328
695	1.75	2.75	1328
695	0.75	2.75	1328
695	0.75	4.75	1328
695	-1.25	4.75	1328
695	-1.25	5.25	1328
695	-0.25	6.25	1328
695	-0.25	6.75	1328
4324	-2.75	0.25	3550
4324	-2.75	0.75	3550
4324	-2.25	0.75	3550
4324	-1.75	0.25	3550
4324	-0.75	0.25	3550
4324	-0.25	-0.25	3550
4324	-0.25	-0.75	3550
4324	-1.75	-0.75	3550
4324	-2.75	0.25	3550
7691	2.75	5.75	6067
7691	2.75	6.25	6067
7691	3.75	7.25	6067
7691	4.25	7.25	6067
7691	4.25	6.75	6067
7691	3.75	6.25	6067
7691	3.75	5.75	6067
7691	4.75	4.75	6067
7691	4.75	4.25	6067
7691	3.75	4.25	6067
7691	3.75	3.25	6067
7691	3.25	2.75	6067
7691	2.75	2.75	6067
7691	2.75	5.75	6067
4676	3.75	3.75	379
4676	3.75	4.25	379
4676	4.25	4.25	379
4676	4.75	3.75	379
4676	4.75	0.25	379
4676	4.25	-0.25	379
4676	3.75	-0.25	379
4676	3.75	0.75	379
4676	2.75	0.75	379
4676	2.75	1.25	379
4676	3.25	1.75	379
4676	3.25	2.75	379
4676	3.75	3.25	379
4676	3.75	3.75	379
2557	4.25	-0.75	2400
2557	4.25	-0.25	2400
2557	4.75	-0.25	2400
2557	4.75	-0.75	2400
2557	4.25	-0.75	2400
